-- MySQL dump 10.16  Distrib 10.2.30-MariaDB, for Win64 (AMD64)
--
-- Host: julio.cikeys.com    Database: juliocik_nba
-- ------------------------------------------------------
-- Server version	10.2.30-MariaDB

/*!40101 SET @OLD_CHARACTER_SET_CLIENT=@@CHARACTER_SET_CLIENT */;
/*!40101 SET @OLD_CHARACTER_SET_RESULTS=@@CHARACTER_SET_RESULTS */;
/*!40101 SET @OLD_COLLATION_CONNECTION=@@COLLATION_CONNECTION */;
/*!40101 SET NAMES utf8 */;
/*!40103 SET @OLD_TIME_ZONE=@@TIME_ZONE */;
/*!40103 SET TIME_ZONE='+00:00' */;
/*!40014 SET @OLD_UNIQUE_CHECKS=@@UNIQUE_CHECKS, UNIQUE_CHECKS=0 */;
/*!40014 SET @OLD_FOREIGN_KEY_CHECKS=@@FOREIGN_KEY_CHECKS, FOREIGN_KEY_CHECKS=0 */;
/*!40101 SET @OLD_SQL_MODE=@@SQL_MODE, SQL_MODE='NO_AUTO_VALUE_ON_ZERO' */;
/*!40111 SET @OLD_SQL_NOTES=@@SQL_NOTES, SQL_NOTES=0 */;

--
-- Table structure for table `city`
--

DROP TABLE IF EXISTS `city`;
/*!40101 SET @saved_cs_client     = @@character_set_client */;
/*!40101 SET character_set_client = utf8 */;
CREATE TABLE `city` (
  `city_id` int(11) NOT NULL,
  `state_id` int(11) DEFAULT NULL,
  `city_name` varchar(32) DEFAULT NULL,
  PRIMARY KEY (`city_id`),
  KEY `state_id` (`state_id`),
  CONSTRAINT `city_ibfk_1` FOREIGN KEY (`state_id`) REFERENCES `state` (`state_id`)
) ENGINE=InnoDB DEFAULT CHARSET=latin1;
/*!40101 SET character_set_client = @saved_cs_client */;

--
-- Dumping data for table `city`
--

LOCK TABLES `city` WRITE;
/*!40000 ALTER TABLE `city` DISABLE KEYS */;
INSERT INTO `city` VALUES (1,5,'Atlanta'),(2,9,'Boston'),(3,12,'Brooklyn'),(4,13,'Charlotte'),(5,6,'Chicago'),(6,14,'Cleveland'),(7,19,'Dallas'),(8,3,'Denver'),(9,10,'Detroit'),(10,2,'San Francisco'),(11,19,'Houston'),(12,7,'Indianapolis'),(13,2,'Los Angeles'),(14,18,'Memphis'),(15,4,'Miami'),(16,22,'Milwaukee'),(17,11,'Minneapolis'),(18,8,'New Orleans'),(19,12,'New York City'),(20,15,'Oklahoma City'),(21,4,'Orlando'),(22,17,'Philadelphia'),(23,1,'Phoenix'),(24,16,'Portland'),(25,2,'Sacramento'),(26,19,'San Antonio'),(27,23,'Toronto'),(28,20,'Salt Lake City'),(29,21,'Washington, DC');
/*!40000 ALTER TABLE `city` ENABLE KEYS */;
UNLOCK TABLES;

--
-- Table structure for table `coach`
--

DROP TABLE IF EXISTS `coach`;
/*!40101 SET @saved_cs_client     = @@character_set_client */;
/*!40101 SET character_set_client = utf8 */;
CREATE TABLE `coach` (
  `coach_id` int(11) NOT NULL AUTO_INCREMENT,
  `fname` varchar(32) DEFAULT NULL,
  `lname` varchar(32) DEFAULT NULL,
  `all_time_wins` int(11) DEFAULT NULL,
  `all_time_losses` int(11) DEFAULT NULL,
  PRIMARY KEY (`coach_id`)
) ENGINE=InnoDB AUTO_INCREMENT=35 DEFAULT CHARSET=latin1;
/*!40101 SET character_set_client = @saved_cs_client */;

--
-- Dumping data for table `coach`
--

LOCK TABLES `coach` WRITE;
/*!40000 ALTER TABLE `coach` DISABLE KEYS */;
INSERT INTO `coach` VALUES (1,'Taylor','Jenkins',6,13),(2,'James','Borrego',57,76),(3,'Lloyd','Pierce',33,69),(4,'John','Beilein',5,14),(5,'David','Fizdale',71,132),(6,'Ryan','Saunders',27,34),(7,'Frank','Vogel',321,294),(8,'Jim','Boylen',23,55),(9,'Dwane','Casey',421,361),(10,'Scott','Brooks',468,341),(11,'Billy','Donovan',207,140),(12,'Monty','Williams',181,231),(13,'Steve','Clifford',246,265),(14,'Luke','Walton',106,158),(15,'Quin','Snyder',239,191),(16,'Kenny','Atkinson',100,166),(17,'Alvin','Gentry',486,567),(18,'Brad','Stevens',287,227),(19,'Erik','Spoelstra',541,369),(20,'Dwayne','Casey',424,362),(21,'Nate','McMillan',631,569),(22,'Erik','Spoelstra',541,369),(23,'Mike','Budenholzer',294,222),(24,'Mike','Miller',0,1),(25,'Brett','Brown',196,321),(26,'Nick','Nurse',74,31),(27,'Rick','Carlisle',767,634),(28,'Michael','Malone',226,230),(29,'Steve','Kerr',327,108),(30,'Mike','D\'Antoni',643,507),(31,'Doc','Rivers',449,432),(32,'Terry','Stotts',327,108),(33,'Gregg','Popovich',1254,589),(34,'Tony','Brown',11,34);
/*!40000 ALTER TABLE `coach` ENABLE KEYS */;
UNLOCK TABLES;

--
-- Table structure for table `conference`
--

DROP TABLE IF EXISTS `conference`;
/*!40101 SET @saved_cs_client     = @@character_set_client */;
/*!40101 SET character_set_client = utf8 */;
CREATE TABLE `conference` (
  `conference_id` int(11) NOT NULL AUTO_INCREMENT,
  `conference_name` varchar(32) DEFAULT NULL,
  PRIMARY KEY (`conference_id`)
) ENGINE=InnoDB AUTO_INCREMENT=3 DEFAULT CHARSET=latin1;
/*!40101 SET character_set_client = @saved_cs_client */;

--
-- Dumping data for table `conference`
--

LOCK TABLES `conference` WRITE;
/*!40000 ALTER TABLE `conference` DISABLE KEYS */;
INSERT INTO `conference` VALUES (1,'Eastern'),(2,'Western');
/*!40000 ALTER TABLE `conference` ENABLE KEYS */;
UNLOCK TABLES;

--
-- Table structure for table `country`
--

DROP TABLE IF EXISTS `country`;
/*!40101 SET @saved_cs_client     = @@character_set_client */;
/*!40101 SET character_set_client = utf8 */;
CREATE TABLE `country` (
  `country_id` int(11) NOT NULL,
  `country_name` varchar(32) DEFAULT NULL,
  `country_abrv` varchar(6) DEFAULT NULL,
  PRIMARY KEY (`country_id`)
) ENGINE=InnoDB DEFAULT CHARSET=latin1;
/*!40101 SET character_set_client = @saved_cs_client */;

--
-- Dumping data for table `country`
--

LOCK TABLES `country` WRITE;
/*!40000 ALTER TABLE `country` DISABLE KEYS */;
INSERT INTO `country` VALUES (1,'United States of America','USA'),(2,'Canada','CA');
/*!40000 ALTER TABLE `country` ENABLE KEYS */;
UNLOCK TABLES;

--
-- Table structure for table `division`
--

DROP TABLE IF EXISTS `division`;
/*!40101 SET @saved_cs_client     = @@character_set_client */;
/*!40101 SET character_set_client = utf8 */;
CREATE TABLE `division` (
  `division_code` char(4) NOT NULL,
  `division_name` varchar(32) DEFAULT NULL,
  `conference_id` int(2) DEFAULT NULL,
  PRIMARY KEY (`division_code`),
  KEY `conference_id` (`conference_id`),
  CONSTRAINT `division_ibfk_1` FOREIGN KEY (`conference_id`) REFERENCES `conference` (`conference_id`)
) ENGINE=InnoDB DEFAULT CHARSET=latin1;
/*!40101 SET character_set_client = @saved_cs_client */;

--
-- Dumping data for table `division`
--

LOCK TABLES `division` WRITE;
/*!40000 ALTER TABLE `division` DISABLE KEYS */;
INSERT INTO `division` VALUES ('ATLA','Atlantic',1),('CENT','Central',1),('NWST','Northwest',2),('PACI','Pacific',2),('SEST','Southeast',1),('SWST','Southwest',2);
/*!40000 ALTER TABLE `division` ENABLE KEYS */;
UNLOCK TABLES;

--
-- Table structure for table `game`
--

DROP TABLE IF EXISTS `game`;
/*!40101 SET @saved_cs_client     = @@character_set_client */;
/*!40101 SET character_set_client = utf8 */;
CREATE TABLE `game` (
  `game_id` int(11) NOT NULL,
  `home_team` int(11) DEFAULT NULL,
  `away_team` int(11) DEFAULT NULL,
  `game_date` date DEFAULT NULL,
  `home_score` int(11) DEFAULT NULL,
  `away_score` int(11) DEFAULT NULL,
  `overtime` int(11) DEFAULT NULL,
  PRIMARY KEY (`game_id`),
  KEY `home_team` (`home_team`),
  KEY `away_team` (`away_team`),
  CONSTRAINT `game_ibfk_1` FOREIGN KEY (`home_team`) REFERENCES `team` (`team_id`),
  CONSTRAINT `game_ibfk_2` FOREIGN KEY (`away_team`) REFERENCES `team` (`team_id`)
) ENGINE=InnoDB DEFAULT CHARSET=latin1;
/*!40101 SET character_set_client = @saved_cs_client */;

--
-- Dumping data for table `game`
--

LOCK TABLES `game` WRITE;
/*!40000 ALTER TABLE `game` DISABLE KEYS */;
INSERT INTO `game` VALUES (1,28,19,'2019-11-05',130,122,0),(2,13,14,'2019-11-25',112,102,0),(3,4,5,'2019-10-31',126,125,0),(4,12,9,'2019-11-18',110,119,0),(5,22,6,'2019-11-27',94,85,0),(6,3,18,'2019-11-09',126,127,0),(7,16,14,'2019-11-28',120,101,0),(8,23,2,'2019-10-16',107,93,0),(9,7,30,'2019-11-05',108,100,0),(10,27,20,'2019-12-07',120,111,0),(11,29,21,'2019-10-23',100,95,0),(12,24,26,'2019-11-30',124,95,0),(13,25,8,'2019-12-03',100,108,0),(14,9,1,'2019-10-31',100,117,0),(15,11,17,'2019-11-23',111,117,0),(16,10,13,'2019-11-02',122,141,0),(17,2,28,'2019-12-08',112,106,0),(18,4,18,'2019-11-02',99,121,0),(19,3,20,'2019-11-19',113,109,0),(20,14,5,'2019-10-19',102,110,0),(21,19,7,'2019-11-15',116,123,0),(22,21,30,'2019-11-24',85,97,0),(23,8,24,'2019-11-26',108,107,0),(24,26,25,'2019-12-07',81,113,0),(25,14,29,'2019-11-01',95,86,0),(26,17,16,'2019-12-09',126,131,0),(27,9,23,'2019-12-08',111,117,1),(28,1,22,'2019-12-03',103,99,0),(29,20,2,'2019-12-08',95,118,0),(30,6,12,'2019-12-03',110,99,0),(31,5,28,'2019-11-18',84,108,0),(32,11,19,'2019-11-05',126,123,0),(33,27,30,'2019-11-06',124,122,0),(34,29,26,'2019-11-13',113,81,0),(35,24,13,'2019-11-24',130,122,0),(36,21,10,'2019-10-16',120,92,0),(37,14,3,'2019-11-22',134,133,0),(38,7,25,'2019-11-19',119,121,0),(39,18,16,'2019-12-10',116,109,1),(40,14,4,'2019-11-10',120,101,0),(41,9,12,'2019-12-09',96,94,0),(42,20,5,'2019-10-18',105,98,0),(43,1,23,'2019-11-17',103,105,0),(44,28,22,'2019-11-06',104,95,0),(45,11,21,'2019-11-16',116,112,0),(46,17,6,'2019-11-08',129,112,0),(47,19,10,'2019-11-30',123,134,0),(48,27,25,'2019-10-17',113,110,0),(49,24,29,'2019-10-30',95,96,0),(50,26,8,'2019-11-27',94,101,0),(51,13,4,'2019-12-07',111,96,1),(52,16,1,'2019-11-30',112,97,0),(53,8,7,'2019-11-27',106,109,0),(54,14,14,'2019-10-18',120,91,0),(55,6,5,'2019-10-23',117,111,0),(56,22,20,'2019-11-04',95,83,0),(57,23,18,'2019-10-25',117,95,0),(58,2,17,'2019-11-24',116,105,0),(59,3,12,'2019-11-28',108,118,0),(60,28,9,'2019-11-29',125,113,0),(61,30,11,'2019-11-07',158,159,0),(62,21,25,'2019-11-28',99,102,0),(63,29,13,'2019-11-27',110,96,0),(64,26,4,'2019-11-03',111,118,1),(65,10,24,'2019-11-04',110,121,0),(66,1,16,'2019-12-04',97,106,0),(67,19,8,'2019-12-09',122,107,0),(68,13,27,'2019-12-05',103,97,0),(69,3,11,'2019-11-11',123,116,0),(70,12,6,'2019-11-24',102,95,0),(71,22,17,'2019-10-23',91,123,0),(72,2,20,'2019-12-03',104,102,0),(73,5,9,'2019-11-01',112,106,0),(74,7,14,'2019-11-21',110,119,0),(75,26,29,'2019-11-16',102,101,1),(76,10,27,'2019-11-15',110,127,0),(77,21,19,'2019-10-22',115,104,0),(78,9,3,'2019-11-16',113,109,0),(79,22,8,'2019-11-30',87,91,0),(80,30,18,'2019-11-06',109,131,0),(81,14,24,'2019-11-02',105,114,0),(82,17,28,'2019-12-05',115,105,0),(83,10,4,'2019-11-29',87,93,0),(84,25,23,'2019-11-16',128,129,0),(85,12,5,'2019-11-22',108,95,1),(86,16,11,'2019-12-01',129,100,0),(87,20,26,'2019-11-23',92,113,0),(88,27,14,'2019-11-24',96,103,0),(89,6,7,'2019-10-19',111,131,0),(90,13,29,'2019-11-04',105,94,0),(91,30,9,'2019-10-20',115,99,0),(92,3,19,'2019-11-05',135,125,0),(93,14,11,'2019-12-07',100,107,0),(94,18,17,'2019-11-06',106,134,0),(95,24,23,'2019-12-07',114,109,0),(96,10,25,'2019-10-28',127,118,0),(97,4,12,'2019-10-17',122,120,0),(98,6,2,'2019-11-29',113,119,0),(99,1,27,'2019-10-31',108,100,0),(100,5,14,'2019-11-19',112,118,1),(101,21,22,'2019-12-04',102,94,0),(102,8,16,'2019-12-05',109,89,0),(103,9,20,'2019-11-01',122,102,0),(104,12,30,'2019-11-02',121,106,0),(105,1,5,'2019-11-01',93,113,0),(106,28,26,'2019-11-08',124,120,0),(107,11,10,'2019-10-18',129,112,0),(108,14,18,'2019-11-02',137,121,0),(109,7,22,'2019-10-28',107,106,0),(110,29,23,'2019-11-02',106,104,0),(111,13,17,'2019-11-09',124,129,0),(112,4,2,'2019-12-04',87,108,2),(113,27,21,'2019-11-09',121,112,0),(114,24,16,'2019-10-17',108,124,0),(115,13,25,'2019-11-28',107,101,0),(116,12,9,'2019-11-18',112,106,0),(117,22,14,'2019-11-25',118,86,0),(118,30,6,'2019-11-11',100,113,0),(119,1,26,'2019-11-17',109,121,0),(120,18,10,'2019-11-04',125,119,0),(121,19,28,'2019-10-30',104,122,0),(122,7,20,'2019-11-09',102,106,0),(123,8,23,'2019-11-05',100,97,0),(124,29,17,'2019-11-28',103,100,0),(125,25,3,'2019-10-19',115,119,0),(126,14,16,'2019-11-01',95,80,0),(127,27,2,'2019-10-20',115,135,0),(128,4,19,'2019-11-25',110,115,0),(129,5,11,'2019-11-29',94,117,1),(130,14,7,'2019-11-16',122,138,0),(131,21,10,'2019-11-29',114,108,0),(132,18,8,'2019-11-05',98,100,0),(133,22,12,'2019-12-09',102,109,0),(134,23,4,'2019-11-06',114,106,0),(135,21,17,'2019-11-07',119,121,0),(136,20,6,'2019-11-27',87,108,0),(137,24,3,'2019-12-10',138,112,0),(138,25,1,'2019-11-10',124,113,0),(139,14,28,'2019-11-13',104,113,0),(140,9,18,'2019-10-29',114,120,2),(141,2,7,'2019-10-29',116,106,0),(142,27,14,'2019-11-06',109,113,0),(143,19,11,'2019-10-31',116,122,0),(144,10,29,'2019-11-30',108,122,0),(145,13,28,'2019-12-09',98,88,0),(146,12,21,'2019-10-25',111,85,0),(147,23,6,'2019-10-24',98,97,0),(148,16,9,'2019-10-23',117,108,0),(149,5,20,'2019-11-05',120,102,0),(150,8,1,'2019-11-07',121,125,0),(151,24,14,'2019-10-18',115,123,1),(152,29,3,'2019-10-18',119,114,1),(153,26,25,'2019-11-08',107,99,0),(154,4,14,'2019-10-27',117,119,0),(155,22,23,'2019-11-30',112,97,0),(156,2,30,'2019-11-03',140,133,0),(157,11,13,'2019-11-22',102,93,0),(158,18,27,'2019-12-05',129,114,0),(159,14,10,'2019-11-08',120,94,0),(160,25,28,'2019-12-02',106,114,0),(161,6,16,'2019-11-29',97,108,0),(162,20,7,'2019-10-16',106,103,0),(163,17,5,'2019-11-20',124,115,0),(164,19,13,'2019-11-06',132,127,0),(165,24,1,'2019-11-20',128,112,0),(166,8,3,'2019-11-05',101,93,0),(167,4,9,'2019-11-05',109,106,0),(168,22,27,'2019-10-31',111,109,0),(169,11,12,'2019-10-30',111,102,0),(170,14,29,'2019-10-27',107,106,0),(171,18,30,'2019-12-01',116,137,0),(172,21,23,'2019-10-19',127,119,0),(173,10,2,'2019-10-18',100,105,0),(174,14,26,'2019-11-16',99,97,0),(175,5,3,'2019-11-18',111,117,0),(176,12,17,'2019-10-23',83,102,0),(177,20,4,'2019-11-12',102,103,0),(178,16,19,'2019-10-17',109,94,0),(179,18,11,'2019-11-08',105,125,0),(180,7,28,'2019-10-16',110,102,0),(181,27,25,'2019-10-19',116,121,0),(182,13,1,'2019-12-01',150,101,0),(183,6,23,'2019-11-16',95,114,0),(184,26,2,'2019-10-27',100,99,0),(185,22,30,'2019-11-14',125,121,0),(186,14,8,'2019-11-17',114,131,0),(187,19,10,'2019-11-18',108,100,0),(188,14,1,'2019-12-04',122,101,0),(189,20,6,'2019-12-06',123,105,0),(190,3,12,'2019-10-24',86,115,0),(191,28,4,'2019-10-22',132,96,0),(192,5,17,'2019-11-08',101,115,0),(193,11,25,'2019-10-24',132,108,0),(194,7,27,'2019-11-04',117,110,0),(195,24,2,'2019-10-16',85,99,0),(196,29,18,'2019-10-19',102,112,0),(197,13,21,'2019-10-29',90,88,0),(198,14,10,'2019-10-19',95,114,0),(199,19,25,'2019-12-08',115,104,0),(200,26,24,'2019-10-24',120,116,0),(201,14,21,'2019-11-28',112,107,0),(202,23,20,'2019-10-21',109,104,0),(203,30,27,'2019-12-05',138,132,0),(204,1,17,'2019-10-30',127,135,0),(205,3,4,'2019-11-02',101,91,0),(206,16,6,'2019-10-30',124,100,0),(207,28,22,'2019-12-10',113,97,0),(208,7,10,'2019-11-15',142,94,0),(209,5,9,'2019-12-10',109,89,0),(210,18,29,'2019-11-08',95,103,0),(211,8,11,'2019-11-25',105,95,0),(212,13,2,'2019-11-20',107,104,0),(213,17,25,'2019-11-27',137,129,0),(214,24,19,'2019-11-13',121,124,0),(215,9,1,'2019-10-20',128,103,0),(216,30,4,'2019-10-29',125,118,0),(217,3,26,'2019-11-13',116,97,0),(218,23,27,'2019-11-02',115,104,0),(219,5,16,'2019-12-05',106,116,0),(220,21,14,'2019-10-27',127,130,0),(221,7,6,'2019-10-29',143,101,0),(222,8,2,'2019-12-03',96,92,0),(223,29,10,'2019-11-15',113,109,0),(224,13,11,'2019-10-17',122,119,0),(225,18,24,'2019-10-29',98,100,0),(226,4,5,'2019-10-16',115,116,0),(227,12,22,'2019-10-29',111,106,0),(228,1,28,'2019-11-10',116,119,0),(229,20,27,'2019-11-13',104,111,0),(230,23,16,'2019-11-24',113,86,0),(231,6,25,'2019-10-26',110,104,0),(232,14,14,'2019-11-09',108,109,0),(233,17,9,'2019-10-21',104,90,0),(234,29,19,'2019-10-20',128,120,0),(235,11,7,'2019-11-22',123,137,0),(236,20,3,'2019-11-10',101,103,0),(237,30,26,'2019-11-16',106,113,0),(238,8,24,'2019-11-19',116,104,0),(239,13,19,'2019-10-28',134,109,0),(240,6,3,'2019-11-06',106,108,0),(241,9,22,'2019-12-02',103,88,0),(242,12,14,'2019-12-10',126,114,0),(243,1,18,'2019-11-24',113,125,0),(244,2,26,'2019-11-11',103,102,0),(245,16,4,'2019-12-07',117,100,0),(246,28,23,'2019-11-29',101,96,0),(247,5,25,'2019-11-08',94,117,0),(248,17,29,'2019-11-16',122,118,0),(249,27,14,'2019-12-08',104,114,0),(250,10,21,'2019-10-23',97,100,0),(251,7,13,'2019-10-29',99,114,0),(252,8,30,'2019-11-30',117,104,0),(253,2,3,'2019-12-05',121,110,0),(254,4,9,'2019-11-20',102,101,0),(255,6,22,'2019-11-23',104,116,0),(256,12,29,'2019-12-02',121,102,0),(257,23,26,'2019-11-03',97,91,0),(258,28,20,'2019-12-04',126,98,0),(259,11,16,'2019-11-07',117,108,0),(260,14,13,'2019-12-06',119,121,0),(261,17,1,'2019-10-25',111,102,0),(262,27,18,'2019-10-22',101,113,0),(263,24,30,'2019-11-25',132,140,0),(264,19,14,'2019-11-09',110,114,0),(265,25,21,'2019-10-23',136,119,0),(266,10,5,'2019-12-07',104,90,0),(267,3,2,'2019-11-27',112,107,0),(268,9,4,'2019-11-03',107,110,0),(269,22,28,'2019-10-26',83,90,0),(270,6,17,'2019-11-30',110,119,0),(271,20,23,'2019-10-20',95,101,0),(272,12,1,'2019-11-23',105,104,0),(273,16,10,'2019-12-05',122,105,0),(274,14,29,'2019-11-18',94,103,0),(275,21,19,'2019-12-01',109,104,0),(276,27,13,'2019-11-20',107,97,0),(277,24,7,'2019-11-26',113,120,0),(278,25,5,'2019-10-21',107,103,0),(279,14,30,'2019-11-20',125,103,0),(280,26,8,'2019-11-02',100,97,0),(281,23,12,'2019-11-04',119,116,0),(282,11,1,'2019-12-02',158,111,0),(283,17,4,'2019-11-09',137,96,0),(284,3,16,'2019-11-14',106,109,0),(285,20,2,'2019-12-10',104,113,0),(286,18,14,'2019-11-01',107,115,0),(287,14,7,'2019-11-27',100,114,0),(288,9,27,'2019-12-05',132,98,0),(289,19,21,'2019-11-22',104,107,0),(290,22,10,'2019-10-30',100,96,0),(291,28,29,'2019-11-28',130,110,0),(292,13,30,'2019-10-28',150,125,0),(293,4,24,'2019-12-02',104,109,0),(294,23,29,'2019-10-28',103,94,0),(295,1,10,'2019-10-19',104,79,0),(296,14,12,'2019-11-25',104,117,0),(297,17,20,'2019-11-04',132,88,0),(298,26,5,'2019-12-09',106,113,0),(299,6,9,'2019-11-16',94,127,0),(300,30,22,'2019-12-10',120,127,0),(301,28,16,'2019-11-09',110,121,0),(302,19,7,'2019-12-02',97,118,0),(303,27,11,'2019-12-09',135,133,0),(304,8,14,'2019-10-31',96,105,0),(305,13,25,'2019-11-15',117,97,0),(306,4,10,'2019-12-09',106,91,0),(307,9,17,'2019-12-01',103,127,0),(308,22,24,'2019-11-29',128,114,0),(309,1,3,'2019-11-13',118,130,0),(310,2,16,'2019-11-11',112,93,0),(311,5,14,'2019-12-10',106,99,0),(312,21,12,'2019-12-05',100,107,0),(313,7,18,'2019-10-30',121,114,0),(314,29,14,'2019-11-21',96,121,0),(315,25,26,'2019-10-26',127,116,0),(316,30,23,'2019-11-07',119,113,0),(317,20,8,'2019-11-05',92,129,0),(318,28,11,'2019-11-11',109,119,0),(319,19,24,'2019-10-18',132,139,0),(320,4,3,'2019-12-02',104,111,0),(321,6,22,'2019-11-08',87,93,0),(322,9,12,'2019-12-09',108,101,0),(323,2,8,'2019-11-26',108,95,0),(324,16,30,'2019-11-05',112,103,0),(325,5,10,'2019-11-02',98,100,0),(326,21,18,'2019-10-31',139,127,0),(327,17,13,'2019-10-16',119,91,0),(328,27,26,'2019-11-25',105,104,0),(329,25,14,'2019-10-22',113,136,0),(330,7,19,'2019-11-27',130,84,0),(331,20,12,'2019-11-25',103,104,0),(332,23,6,'2019-10-20',141,94,0),(333,11,24,'2019-10-21',115,109,0),(334,29,14,'2019-11-06',126,112,0),(335,3,8,'2019-10-23',105,102,0),(336,4,1,'2019-11-03',107,122,0),(337,16,5,'2019-11-26',110,105,0),(338,23,28,'2019-11-09',110,104,0),(339,30,13,'2019-11-12',119,135,0),(340,7,26,'2019-12-07',106,110,0),(341,25,21,'2019-11-03',96,108,0),(342,14,18,'2019-10-21',142,125,0),(343,12,13,'2019-11-13',99,110,0),(344,2,6,'2019-10-20',110,88,0),(345,5,28,'2019-11-17',92,93,0),(346,11,26,'2019-11-25',118,119,0),(347,17,22,'2019-11-27',110,101,0),(348,19,9,'2019-11-28',103,105,0),(349,24,18,'2019-11-11',125,109,0),(350,29,21,'2019-11-13',90,104,0),(351,10,14,'2019-10-24',102,110,0),(352,4,30,'2019-11-05',114,107,0),(353,23,8,'2019-12-05',97,92,0),(354,16,1,'2019-10-22',135,121,0),(355,25,20,'2019-11-02',115,87,0);
/*!40000 ALTER TABLE `game` ENABLE KEYS */;
UNLOCK TABLES;
/*!50003 SET @saved_cs_client      = @@character_set_client */ ;
/*!50003 SET @saved_cs_results     = @@character_set_results */ ;
/*!50003 SET @saved_col_connection = @@collation_connection */ ;
/*!50003 SET character_set_client  = utf8mb4 */ ;
/*!50003 SET character_set_results = utf8mb4 */ ;
/*!50003 SET collation_connection  = utf8mb4_general_ci */ ;
/*!50003 SET @saved_sql_mode       = @@sql_mode */ ;
/*!50003 SET sql_mode              = '' */ ;
DELIMITER ;;
/*!50003 CREATE*/ /*!50017 DEFINER=`juliocik_user`@`75.83.223.149`*/ /*!50003 TRIGGER homeScoreCheck BEFORE INSERT ON game FOR EACH ROW IF NEW.home_score < 0 THEN SET NEW.home_score = 0; END IF */;;
DELIMITER ;
/*!50003 SET sql_mode              = @saved_sql_mode */ ;
/*!50003 SET character_set_client  = @saved_cs_client */ ;
/*!50003 SET character_set_results = @saved_cs_results */ ;
/*!50003 SET collation_connection  = @saved_col_connection */ ;
/*!50003 SET @saved_cs_client      = @@character_set_client */ ;
/*!50003 SET @saved_cs_results     = @@character_set_results */ ;
/*!50003 SET @saved_col_connection = @@collation_connection */ ;
/*!50003 SET character_set_client  = utf8mb4 */ ;
/*!50003 SET character_set_results = utf8mb4 */ ;
/*!50003 SET collation_connection  = utf8mb4_general_ci */ ;
/*!50003 SET @saved_sql_mode       = @@sql_mode */ ;
/*!50003 SET sql_mode              = '' */ ;
DELIMITER ;;
/*!50003 CREATE*/ /*!50017 DEFINER=`juliocik_user`@`75.83.223.149`*/ /*!50003 TRIGGER awayScoreCheck BEFORE INSERT ON game FOR EACH ROW IF NEW.away_score < 0 THEN SET NEW.away_score = 0; END IF */;;
DELIMITER ;
/*!50003 SET sql_mode              = @saved_sql_mode */ ;
/*!50003 SET character_set_client  = @saved_cs_client */ ;
/*!50003 SET character_set_results = @saved_cs_results */ ;
/*!50003 SET collation_connection  = @saved_col_connection */ ;

--
-- Table structure for table `player`
--

DROP TABLE IF EXISTS `player`;
/*!40101 SET @saved_cs_client     = @@character_set_client */;
/*!40101 SET character_set_client = utf8 */;
CREATE TABLE `player` (
  `player_id` int(11) NOT NULL AUTO_INCREMENT,
  `fname` varchar(32) DEFAULT NULL,
  `lname` varchar(32) DEFAULT NULL,
  `pos` varchar(5) DEFAULT NULL,
  `age` float DEFAULT NULL,
  `fta` int(3) DEFAULT NULL,
  `twopa` int(3) DEFAULT NULL,
  `threepa` int(3) DEFAULT NULL,
  `stp` int(3) DEFAULT NULL,
  `bpg` int(3) DEFAULT NULL,
  `ppg` int(3) DEFAULT NULL,
  `team_id` int(11) DEFAULT NULL,
  PRIMARY KEY (`player_id`),
  KEY `team_id` (`team_id`),
  CONSTRAINT `player_ibfk_1` FOREIGN KEY (`team_id`) REFERENCES `team` (`team_id`)
) ENGINE=InnoDB AUTO_INCREMENT=467 DEFAULT CHARSET=latin1;
/*!40101 SET character_set_client = @saved_cs_client */;

--
-- Dumping data for table `player`
--

LOCK TABLES `player` WRITE;
/*!40000 ALTER TABLE `player` DISABLE KEYS */;
INSERT INTO `player` VALUES (1,'Steven','Adams','C',0.99,44,120,0,1,1,11,21),(2,'Bam','Adebayo','C-F',22.38,110,161,6,2,1,14,16),(3,'LaMarcus','Aldridge','F-C',34.38,72,265,31,1,2,19,27),(4,'Nickeil','Alexander-Walker','G',21.25,14,51,61,0,0,6,19),(5,'Grayson','Allen','G',24.15,17,35,33,0,0,7,15),(6,'Jarrett','Allen','C',21.62,88,134,1,1,1,12,3),(7,'Al-Farouq','Aminu','F',29.2,29,50,36,1,0,4,22),(8,'Kyle','Anderson','F-G',26.2,28,77,16,1,1,7,15),(9,'Ryan','Anderson','F',31.58,0,2,5,1,0,3,11),(10,'Giannis','Antetokounmpo','F',24.99,233,323,102,1,1,31,17),(11,'Kostas','Antetokounmpo','F',22.04,0,0,0,0,0,0,14),(12,'Thanasis','Antetokounmpo','F',27.38,4,10,0,0,0,4,17),(13,'Carmelo','Anthony','F',35.51,15,64,27,1,0,18,25),(14,'OG','Anunoby','F',22.38,25,83,66,1,1,11,28),(15,'Ryan','Arcidiacono','G',25.69,20,30,46,1,0,5,5),(16,'Trevor','Ariza','F',34.43,7,11,35,1,0,4,26),(17,'D.J.','Augustin','G',32.06,38,96,60,1,0,9,22),(18,'Deandre','Ayton','C',21.36,0,14,0,1,4,18,24),(19,'Dwayne','Bacon','G-F',24.26,26,102,39,1,0,7,4),(20,'Marvin','Bagley III','F',20.72,4,16,0,1,1,14,26),(21,'Lonzo','Ball','G',22.1,10,52,78,1,0,11,19),(22,'Mo','Bamba','C',21.56,8,59,33,0,1,5,22),(23,'J.J.','Barea','G',35.44,2,15,10,1,0,12,7),(24,'Harrison','Barnes','F',27.51,88,145,77,1,0,17,26),(25,'RJ','Barrett','F-G',19.47,105,212,63,1,0,15,20),(26,'Will','Barton','G',28.91,38,123,68,1,0,15,8),(27,'Keita','Bates-Diop','F',23.86,8,22,26,1,1,9,18),(28,'Nicolas','Batum','G-F',30.97,5,10,27,1,0,4,4),(29,'Aron','Baynes','C-F',32.98,34,69,57,0,1,15,24),(30,'Kent','Bazemore','G-F',30.43,36,77,68,1,1,7,25),(31,'Darius','Bazley','F-G',19.47,14,36,37,0,0,4,21),(32,'Bradley','Beal','G',26.43,121,235,144,1,0,28,30),(33,'Malik','Beasley','G',23.02,5,40,38,1,0,7,8),(34,'Marco','Belinelli','G',33.69,21,60,59,0,0,5,27),(35,'Jordan','Bell','F',24.9,11,16,3,0,0,3,18),(36,'DeAndre\'','Bembry','G-F',25.42,37,103,30,2,0,8,1),(37,'Dragan','Bender','F',22.04,1,4,4,0,1,5,17),(38,'Davis','Bertans','F',27.06,21,34,136,1,1,13,30),(39,'Patrick','Beverley','G',31.39,21,57,83,1,1,7,13),(40,'Khem','Birch','C',27.18,23,33,1,1,1,5,22),(41,'Goga','Bitadze','C-F',20.37,19,43,12,0,1,5,12),(42,'Bismack','Biyombo','C',27.26,65,105,0,0,1,8,4),(43,'Nemanja','Bjelica','F',31.57,15,86,75,1,1,11,26),(44,'Eric','Bledsoe','G',29.98,70,181,78,1,0,15,17),(45,'Bojan','Bogdanovic','F',30.63,77,170,136,1,0,21,29),(46,'Bogdan','Bogdanovic','G',27.29,42,99,130,1,0,15,26),(47,'Jonah','Bolden','F',23.92,2,1,0,1,0,1,23),(48,'Jordan','Bone','G',22.08,0,4,1,0,0,1,9),(49,'Isaac','Bonga','G',20.07,10,31,10,1,0,4,30),(50,'Devin','Booker','G',23.09,97,222,103,1,0,24,24),(51,'Chris','Boucher','F-C',26.89,29,53,28,0,1,6,28),(52,'Brian','Bowen II','F-G',21.17,0,3,1,0,0,1,12),(53,'Ky','Bowman','G',22.47,20,118,55,1,0,9,10),(54,'Avery','Bradley','G',29.02,8,56,28,1,0,10,14),(55,'Tony','Bradley','C-F',21.82,16,44,0,0,0,5,29),(56,'Jarrell','Brantley','F',23.49,0,0,0,0,1,0,29),(57,'Ignas','Brazdeikis','F',20.9,4,12,7,0,0,2,20),(58,'Miles','Bridges','F',21.7,32,151,97,1,1,13,4),(59,'Mikal','Bridges','F',23.26,31,65,31,1,0,6,24),(60,'Oshae','Brissett','F-G',21.46,0,2,1,0,0,1,28),(61,'Ryan','Broekhoff','G-F',29.28,0,3,5,0,0,3,7),(62,'Malcolm','Brogdon','G',26.98,66,180,73,1,0,19,12),(63,'Dillon','Brooks','G-F',23.86,48,157,91,1,0,14,15),(64,'Charles','Brown Jr.','G',21.83,4,2,1,0,0,2,1),(65,'Troy','Brown Jr.','G-F',20.35,12,75,26,1,0,7,30),(66,'Bruce','Brown','G-F',23.3,35,109,32,1,1,8,9),(67,'Jaylen','Brown','F-G',23.11,63,157,80,1,0,19,2),(68,'Moses','Brown','C',20.14,4,7,0,0,0,2,25),(69,'Sterling','Brown','G-F',24.81,13,34,40,1,0,6,17),(70,'Jalen','Brunson','G',23.26,29,81,38,1,0,7,7),(71,'Thomas','Bryant','C-F',22.34,53,149,35,0,1,14,30),(72,'Trey','Burke','G',27.06,8,32,13,0,0,6,23),(73,'Alec','Burks','G',28.37,80,156,80,1,0,15,10),(74,'Deonte','Burton','G-F',25.84,4,16,16,0,0,3,21),(75,'Jimmy','Butler','F',30.22,129,151,42,2,1,19,16),(76,'Bruno','Caboclo','F',24.2,3,32,18,1,1,4,15),(77,'Kentavious','Caldwell-Pope','G',26.79,18,80,57,1,0,8,14),(78,'Vlatko','Cancar','F',22.65,0,0,0,0,0,0,8),(79,'Clint','Capela','C',25.55,43,157,0,1,2,15,11),(80,'DeMarre','Carroll','F',33.35,10,13,12,0,0,3,27),(81,'Wendell','Carter Jr.','C-F',20.63,81,168,14,1,1,13,5),(82,'Jevon','Carter','G',24.22,4,19,33,1,0,4,24),(83,'Vince','Carter','G-F',42.85,8,29,60,0,0,5,1),(84,'Michael','Carter-Williams','G',28.15,20,30,17,1,1,5,22),(85,'Alex','Caruso','G',25.76,10,46,39,1,0,5,14),(86,'Willie','Cauley-Stein','C',26.29,19,119,0,1,1,8,10),(87,'Tyson','Chandler','C',37.17,9,16,0,0,0,2,11),(88,'Zylan','Cheatham','F',24.04,0,3,1,0,0,1,19),(89,'Chris','Chiozza','G',24.03,0,7,4,1,0,1,30),(90,'Marquese','Chriss','F',22.42,48,98,17,1,1,7,10),(91,'Brandon','Clarke','F-G',23.2,23,124,22,1,1,12,15),(92,'Gary','Clark','F',25.05,0,4,15,0,0,4,11),(93,'Jordan','Clarkson','G',27.49,70,115,93,1,0,14,6),(94,'Nicolas','Claxton','F-C',20.63,12,16,5,0,1,3,3),(95,'Chris','Clemons','G',22.36,4,9,43,0,0,5,11),(96,'John','Collins','F',22.2,17,42,19,1,2,17,1),(97,'Zach','Collins','F-C',22.04,6,12,7,0,1,9,25),(98,'Mike','Conley','G',32.15,73,156,107,1,0,14,29),(99,'Pat','Connaughton','G',26.91,16,36,48,0,1,6,17),(100,'Quinn','Cook','G',26.7,5,56,33,0,0,6,14),(101,'Tyler','Cook','F',22.2,2,6,0,0,0,2,6),(102,'Robert','Covington','F',28.97,42,66,99,1,1,12,18),(103,'Allen','Crabbe','G-F',27.65,7,21,33,1,0,5,1),(104,'Torrey','Craig','F',28.96,9,21,20,0,1,3,8),(105,'Jae','Crowder','F',29.41,39,50,128,1,0,11,15),(106,'Jarrett','Culver','G-F',20.78,42,108,75,1,0,9,18),(107,'Seth','Curry','G',29.28,24,37,65,1,0,8,7),(108,'Stephen','Curry','G',31.72,18,29,37,1,1,20,10),(109,'Troy','Daniels','G',28.39,3,21,55,0,0,5,14),(110,'Anthony','Davis','F-C',26.73,149,295,64,1,3,26,14),(111,'Ed','Davis','F',30.5,4,13,0,0,1,1,29),(112,'Terence','Davis','G',22.55,13,45,52,0,0,7,28),(113,'Dewayne','Dedmon','C',30.31,13,52,45,0,0,5,26),(114,'Matthew','Dellavedova','G',29.24,13,21,31,0,0,2,6),(115,'DeMar','DeRozan','F',30.32,125,325,8,1,1,22,27),(116,'Cheick','Diallo','F-C',23.22,9,39,0,0,0,5,24),(117,'Hamidou','Diallo','G',21.34,18,79,13,2,0,9,21),(118,'Gorgui','Dieng','C',29.87,16,44,24,1,1,6,18),(119,'Spencer','Dinwiddie','G',26.66,125,190,123,1,1,21,3),(120,'Donte','DiVincenzo','G',22.84,18,70,69,1,0,9,17),(121,'Luka','Doncic','G-F',20.76,179,207,179,1,0,31,7),(122,'Damyean','Dotson','G',25.58,13,42,53,1,0,6,20),(123,'Sekou','Doumbouya','F',18.94,1,2,1,0,0,2,9),(124,'Goran','Dragic','G',33.58,76,112,96,1,0,16,16),(125,'Andre','Drummond','C',26.32,85,255,10,2,2,17,9),(126,'Jared','Dudley','F',34.4,2,3,7,0,0,1,14),(127,'Kris','Dunn','G',25.71,13,93,43,2,0,6,5),(128,'Carsen','Edwards','G',21.73,11,31,44,0,0,4,2),(129,'Henry','Ellenson','F-C',22.89,0,0,0,0,0,0,3),(130,'Wayne','Ellington','G',32.01,6,10,68,0,0,4,20),(131,'Joel','Embiid','C-F',25.72,141,207,64,1,1,22,23),(132,'James','Ennis III','F',29.43,38,60,47,1,0,8,23),(133,'Drew','Eubanks','F-C',22.84,1,9,0,0,0,3,27),(134,'Jacob','Evans','G-F',22.46,4,4,8,0,0,6,10),(135,'Dante','Exum','G',24.39,2,10,4,0,0,2,29),(136,'Tacko','Fall','C',23.98,0,4,0,0,0,4,2),(137,'Derrick','Favors','F',28.39,6,56,2,1,0,8,19),(138,'Terrance','Ferguson','G',21.55,9,26,59,1,0,6,21),(139,'Bruno','Fernando','F-C',21.3,22,57,14,0,0,5,1),(140,'Yogi','Ferrell','G',26.57,17,39,21,0,0,5,26),(141,'Dorian','Finney-Smith','F',26.58,33,59,69,1,0,9,7),(142,'Bryn','Forbes','G',26.36,34,88,142,1,0,13,27),(143,'Evan','Fournier','G-F',27.09,74,149,115,1,0,19,22),(144,'De\'Aaron','Fox','G',21.95,62,98,30,1,1,18,26),(145,'Melvin','Frazier Jr.','G-F',23.26,0,4,1,0,0,1,22),(146,'Tim','Frazier','G',29.09,14,26,13,1,0,3,9),(147,'Markelle','Fultz','G',21.52,40,147,37,1,0,12,22),(148,'Wenyen','Gabriel','F',22.69,9,8,8,0,0,2,26),(149,'Daniel','Gafford','F-C',21.17,17,30,0,0,1,4,5),(150,'Danilo','Gallinari','F',31.32,96,110,126,1,0,19,21),(151,'Langston','Galloway','G',27.98,47,62,115,1,0,12,9),(152,'Darius','Garland','G',19.85,24,121,84,1,0,11,6),(153,'Marc','Gasol','C',34.84,21,56,62,0,1,6,28),(154,'Rudy','Gay','F-G',33.3,48,120,68,0,1,11,27),(155,'Paul','George','F',29.59,53,72,97,1,0,23,13),(156,'Taj','Gibson','F',34.44,15,83,8,1,0,6,20),(157,'Harry','Giles III','F-C',21.62,2,25,0,0,0,3,26),(158,'Shai','Gilgeous-Alexander','G-F',21.39,77,216,78,1,1,18,21),(159,'Rudy','Gobert','C',27.44,113,151,0,1,2,14,29),(160,'Aaron','Gordon','F',24.21,55,119,62,1,1,12,22),(161,'Eric','Gordon','G',30.94,14,36,74,1,0,11,11),(162,'Devonte\'','Graham','G',24.78,78,139,182,1,0,18,4),(163,'Treveon','Graham','G-F',26.1,22,69,56,1,0,6,18),(164,'Jerami','Grant','F',25.73,35,83,54,0,1,9,8),(165,'Josh','Gray','G',26.23,0,2,0,0,0,1,19),(166,'Danny','Green','G',32.45,11,41,98,1,1,9,14),(167,'Draymond','Green','F',29.75,25,67,34,1,1,9,10),(168,'JaMychal','Green','F-C',29.45,21,43,89,1,0,8,13),(169,'Javonte','Green','G-F',26.36,5,21,10,0,0,3,2),(170,'Jeff','Green','F',33.27,54,62,75,0,0,8,29),(171,'Blake','Griffin','F',30.72,49,71,46,0,0,19,9),(172,'Marko','Guduric','G',24.74,10,55,52,0,0,5,15),(173,'Rui','Hachimura','F',21.82,29,179,35,1,0,13,30),(174,'Devon','Hall','G',24.41,4,2,2,0,0,3,21),(175,'Tim','Hardaway Jr.','G',27.72,45,78,118,1,0,13,7),(176,'James','Harden','G',30.27,274,192,265,2,1,39,11),(177,'Maurice','Harkless','F-G',26.56,22,67,29,1,1,6,13),(178,'Jared','Harper','G',22.22,0,0,1,0,0,0,24),(179,'Montrezl','Harrell','F-C',25.85,101,270,8,1,1,19,13),(180,'Gary','Harris','G',25.22,29,100,72,1,0,11,8),(181,'Joe','Harris','G-F',28.24,20,99,129,1,0,15,3),(182,'Shaquille','Harrison','G',26.16,14,34,9,0,0,4,5),(183,'Tobias','Harris','F',27.38,71,225,88,1,1,18,23),(184,'Isaiah','Hartenstein','C-F',21.58,11,14,1,0,1,4,11),(185,'Josh','Hart','G',24.75,32,38,77,1,0,12,19),(186,'Udonis','Haslem','F',39.48,4,1,0,0,0,3,16),(187,'Jaxson','Hayes','C-F',19.53,47,89,2,1,1,8,19),(188,'Gordon','Hayward','F',29.7,19,80,30,1,0,19,2),(189,'John','Henson','F-C',28.93,6,1,1,2,2,3,6),(190,'Dewan','Hernandez','C-F',22.98,2,4,1,0,0,1,28),(191,'Juancho','Hernangomez','F',24.18,7,9,18,0,0,3,8),(192,'Willy','Hernangomez','C-F',25.52,8,15,5,0,0,3,4),(193,'Tyler','Herro','G',19.87,44,112,94,1,0,14,16),(194,'Mario','Hezonja','F-G',24.77,23,54,29,1,0,5,25),(195,'Buddy','Hield','G',25.96,47,141,197,1,0,21,26),(196,'George','Hill','G',33.58,31,62,61,1,0,10,17),(197,'Solomon','Hill','F',28.71,16,41,52,1,0,7,15),(198,'Jaylen','Hoard','F',20.68,0,2,0,0,0,1,25),(199,'Aaron','Holiday','G',23.17,10,90,72,1,0,9,12),(200,'Jrue','Holiday','G',29.48,48,215,98,2,1,19,19),(201,'Justin','Holiday','F-G',30.66,23,46,83,1,1,8,12),(202,'Rondae','Hollis-Jefferson','F',24.92,32,79,2,1,0,10,28),(203,'Richaun','Holmes','F',26.13,40,143,0,1,1,12,26),(204,'Rodney','Hood','G-F',27.12,27,91,65,1,0,12,25),(205,'Al','Horford','C-F',33.5,35,157,75,1,1,15,23),(206,'Danuel','House Jr.','F-G',26.49,34,35,81,1,1,12,11),(207,'Dwight','Howard','C-F',33.99,49,72,0,0,1,7,14),(208,'Kevin','Huerter','G-F',21.27,15,31,44,1,0,9,1),(209,'De\'Andre','Hunter','F-G',22.01,48,131,99,1,0,12,1),(210,'Chandler','Hutchison','F-G',23.6,29,32,12,1,0,7,5),(211,'Serge','Ibaka','F',30.21,24,77,21,1,1,14,28),(212,'Ersan','Ilyasova','F',32.55,27,47,46,0,0,7,17),(213,'Joe','Ingles','F-G',32.17,28,49,94,1,0,7,29),(214,'Brandon','Ingram','F',22.25,91,212,91,1,1,26,19),(215,'Kyrie','Irving','G',27.7,63,161,91,1,1,29,3),(216,'Jonathan','Isaac','F',22.17,39,117,64,1,3,13,22),(217,'Wes','Iwundu','F',24.95,18,24,9,1,0,3,22),(218,'Jaren','Jackson Jr.','F-C',20.22,53,133,101,0,1,16,15),(219,'Frank','Jackson','G',21.58,30,66,60,0,0,8,19),(220,'Justin','Jackson','F',24.69,11,43,45,0,0,7,7),(221,'Reggie','Jackson','G',29.63,1,6,5,0,0,5,9),(222,'Justin','James','G-F',22.86,6,28,13,0,1,4,26),(223,'LeBron','James','F',34.92,113,279,116,1,1,26,14),(224,'Amile','Jefferson','F',26.58,0,3,0,0,0,2,22),(225,'DaQuan','Jeffries','G-F',22.26,0,1,0,0,0,1,26),(226,'Alize','Johnson','F',23.61,4,11,0,0,0,2,12),(227,'Cameron','Johnson','F',23.75,17,40,77,0,0,9,24),(228,'James','Johnson','F',32.78,4,9,9,1,0,3,16),(229,'Keldon','Johnson','F-G',20.15,0,1,0,0,0,0,27),(230,'Stanley','Johnson','F-G',23.51,0,5,4,0,0,1,28),(231,'Tyler','Johnson','G',27.57,24,56,54,0,0,7,24),(232,'Nikola','Jokic','C',24.79,43,167,69,1,1,16,8),(233,'Derrick','Jones Jr.','F',22.8,3,16,4,1,0,6,16),(234,'Damian','Jones','C',24.43,34,82,5,1,1,7,1),(235,'Tyus','Jones','G',23.56,23,99,31,1,0,6,15),(236,'DeAndre','Jordan','C',31.37,36,83,0,0,1,8,3),(237,'Cory','Joseph','G',28.29,13,85,28,1,1,5,26),(238,'Mfiondu','Kabengele','F-C',22.3,2,4,5,0,0,3,13),(239,'Frank','Kaminsky','F-C',26.67,62,89,70,0,0,10,24),(240,'Enes','Kanter','C',27.54,33,62,1,1,1,8,2),(241,'Luke','Kennard','G',23.44,61,123,134,0,0,17,9),(242,'Michael','Kidd-Gilchrist','F',26.19,2,7,3,0,0,4,4),(243,'Stanton','Kidd','F',27.71,0,2,1,0,0,0,29),(244,'Maxi','Kleber','F',27.84,22,46,72,0,1,8,7),(245,'Brandon','Knight','G',28,4,6,26,0,0,6,6),(246,'Kevin','Knox II','F',20.31,47,61,74,1,0,8,20),(247,'John','Konchar','G',23.7,0,0,0,0,0,0,15),(248,'Furkan','Korkmaz','G-F',22.36,21,58,94,0,0,9,23),(249,'Luke','Kornet','C-F',24.39,5,20,24,0,1,4,5),(250,'Kyle','Korver','G-F',38.72,8,15,73,0,0,6,17),(251,'Rodions','Kurucs','F',21.82,6,16,7,1,0,2,3),(252,'Kyle','Kuzma','F',24.36,30,75,75,0,0,11,14),(253,'Skal','Labissiere','F-C',23.71,22,90,7,0,1,6,25),(254,'Jeremy','Lamb','G-F',27.51,36,101,44,1,1,17,12),(255,'Romeo','Langford','G-F',20.11,0,0,0,0,0,0,2),(256,'Zach','LaVine','G-F',24.73,100,222,154,1,0,22,5),(257,'Jake','Layman','F',25.74,10,78,54,1,1,11,18),(258,'TJ','Leaf','F',22.59,8,47,11,0,0,4,12),(259,'Courtney','Lee','G',34.17,0,10,7,0,0,5,7),(260,'Damion','Lee','G-F',27.12,33,56,35,1,0,10,10),(261,'Alex','Len','C',26.47,41,80,26,0,1,7,1),(262,'Kawhi','Leonard','F',28.43,98,231,77,2,1,26,13),(263,'Meyers','Leonard','C',27.76,8,46,34,0,0,6,16),(264,'Caris','LeVert','G',25.27,31,104,36,1,0,17,3),(265,'Damian','Lillard','G',29.39,138,180,162,1,1,27,25),(266,'Nassir','Little','F-G',19.81,18,33,23,0,0,5,25),(267,'Kevon','Looney','F',23.82,0,6,1,0,1,3,10),(268,'Brook','Lopez','C',31.67,40,71,97,1,2,11,17),(269,'Robin','Lopez','C',31.67,17,50,33,0,1,5,17),(270,'Kevin','Love','F',31.24,84,87,99,1,0,17,6),(271,'Kyle','Lowry','G',33.69,42,45,68,1,0,22,28),(272,'Timothe','Luwawu-Cabarrot','G-F',24.57,2,1,1,0,0,1,3),(273,'Trey','Lyles','F',24.08,9,35,43,0,0,4,27),(274,'Daryl','Macon','G',24.01,0,1,2,0,0,1,16),(275,'Josh','Magette','G',30.01,0,5,0,1,0,2,22),(276,'Thon','Maker','F-C',22.77,31,27,13,0,1,3,9),(277,'Terance','Mann','G-F',23.12,8,25,6,0,0,3,13),(278,'Boban','Marjanovic','C',31.3,12,47,1,0,0,7,7),(279,'Lauri','Markkanen','F-C',22.53,95,123,118,1,0,14,5),(280,'Caleb','Martin','F',24.18,3,6,3,0,1,2,4),(281,'Cody','Martin','F',24.18,22,24,18,1,0,3,4),(282,'Kelan','Martin','F',24.33,0,20,24,0,0,4,18),(283,'Garrison','Mathews','G',23.11,0,0,2,0,0,0,30),(284,'Wesley','Matthews','G',33.14,25,42,92,1,0,8,17),(285,'Patrick','McCaw','G',24.11,2,2,3,2,0,4,28),(286,'CJ','McCollum','G',28.21,45,267,134,1,1,22,25),(287,'T.J.','McConnell','G',27.69,9,109,3,1,0,7,12),(288,'Jalen','McDaniels','F-C',21.84,0,2,0,0,0,2,4),(289,'Doug','McDermott','F',27.92,12,72,75,0,0,9,12),(290,'JaVale','McGee','C-F',31.87,25,103,0,1,1,7,14),(291,'Rodney','McGruder','G',28.35,8,25,35,0,0,4,13),(292,'Alfonzo','McKinnie','F',27.21,9,19,16,0,0,3,6),(293,'Jordan','McLaughlin','G',23.65,2,7,8,0,0,3,18),(294,'Ben','McLemore','G',26.81,25,20,114,1,0,8,11),(295,'Jordan','McRae','G',28.69,16,56,28,1,0,9,30),(296,'Nicolo','Melli','0',28.85,20,26,60,1,0,6,19),(297,'De\'Anthony','Melton','G',21.52,11,27,14,1,0,5,15),(298,'Chimezie','Metu','F-C',22.7,4,12,0,0,0,3,27),(299,'Khris','Middleton','F',28.31,44,113,73,1,0,17,17),(300,'CJ','Miles','G',32.71,20,24,35,1,0,6,30),(301,'Malcolm','Miller','G-F',26.75,4,1,10,0,0,2,28),(302,'Paul','Millsap','F',34.81,65,116,41,1,1,14,8),(303,'Patty','Mills','G',31.31,31,77,100,1,0,11,27),(304,'Shake','Milton','G-F',23.18,7,12,17,0,0,4,23),(305,'Donovan','Mitchell','G',23.24,112,300,130,1,0,25,29),(306,'Naz','Mitrou-Long','G',26.33,0,5,11,0,0,5,12),(307,'Malik','Monk','G',21.83,32,99,84,0,0,10,4),(308,'E\'Twaun','Moore','G',30.77,22,85,54,1,0,10,19),(309,'Ja','Morant','G',20.32,85,219,39,1,0,19,15),(310,'Juwan','Morgan','F',22.63,0,0,0,0,0,0,29),(311,'Marcus','Morris Sr.','F',30.25,87,166,103,1,1,19,20),(312,'Markieff','Morris','F',30.25,30,89,77,1,0,11,9),(313,'Monte','Morris','G',24.44,20,93,18,0,0,7,8),(314,'Johnathan','Motley','F',24.58,0,2,1,0,0,2,13),(315,'Emmanuel','Mudiay','G',23.75,22,88,27,0,0,7,29),(316,'Dejounte','Murray','G',23.2,41,126,24,2,0,10,27),(317,'Jamal','Murray','G',22.78,48,183,92,2,0,19,8),(318,'Dzanan','Musa','G-F',20.57,26,38,38,0,0,5,3),(319,'Mike','Muscala','F-C',28.43,8,13,39,0,0,4,21),(320,'Svi','Mykhailiuk','G-F',22.48,4,15,44,0,0,5,9),(321,'Abdel','Nader','F',26.19,18,28,31,0,0,7,21),(322,'Larry','Nance Jr.','F-C',26.92,31,77,56,1,0,11,6),(323,'Shabazz','Napier','G',28.39,18,12,32,1,0,7,18),(324,'Raul','Neto','G',27.54,4,41,21,0,0,4,23),(325,'Georges','Niang','F',26.46,10,19,24,0,0,4,29),(326,'Nerlens','Noel','C-F',25.65,38,85,0,1,2,8,21),(327,'Zach','Norvell Jr.','G-F',21.98,0,1,0,0,0,0,14),(328,'Jaylen','Nowell','G',20.65,1,1,3,0,0,2,18),(329,'Frank','Ntilikina','G',21.35,17,75,48,1,1,7,20),(330,'Kendrick','Nunn','G',24.33,26,153,110,1,0,16,16),(331,'David','Nwaba','G-F',26.89,12,12,10,0,1,3,3),(332,'Semi','Ojeleye','F',25,8,19,25,0,0,3,2),(333,'Jahlil','Okafor','C-F',23.97,36,73,2,0,1,10,19),(334,'Elie','Okobo','F-G',22.11,17,26,24,0,0,5,24),(335,'Josh','Okogie','G',21.26,59,65,40,1,0,9,18),(336,'KZ','Okpala','F-G',20.6,0,0,0,0,0,0,16),(337,'Kelly','Olynyk','C',28.62,24,51,71,1,0,9,16),(338,'Royce','O\'Neale','F',26.5,12,35,55,1,0,6,29),(339,'Miye','Oni','G-F',22.33,0,0,0,0,0,0,29),(340,'Kyle','O\'Quinn','C-F',29.69,6,21,12,0,1,3,23),(341,'Cedi','Osman','F',24.66,26,78,84,1,0,10,6),(342,'Kelly','Oubre Jr.','F-G',23.98,92,166,88,1,1,18,24),(343,'Jabari','Parker','F',24.72,54,201,83,2,0,16,1),(344,'Chandler','Parsons','F',31.1,0,2,10,1,0,4,1),(345,'Eric','Paschall','F',23.08,100,212,51,0,0,17,10),(346,'Patrick','Patterson','F',30.72,8,16,59,0,0,5,13),(347,'Justin','Patton','C',22.47,0,2,1,0,0,1,21),(348,'Chris','Paul','G',34.58,88,123,83,2,0,16,21),(349,'Elfrid','Payton','G',25.78,6,21,8,3,0,8,20),(350,'Theo','Pinson','G-F',24.08,9,34,34,1,0,5,3),(351,'Mason','Plumlee','F-C',29.75,45,81,2,1,1,7,8),(352,'Jakob','Poeltl','C',24.13,28,90,0,1,1,6,27),(353,'Vincent','Poirier','C-F',26.1,2,8,0,0,0,1,2),(354,'Shamorie','Ponds','G',19.9,0,3,1,0,1,2,28),(355,'Jordan','Poole','G',20.46,48,108,115,1,0,9,10),(356,'Kevin','Porter Jr.','G-F',19.58,25,73,38,1,0,6,6),(357,'Michael','Porter Jr.','F',21.43,8,24,10,0,0,4,8),(358,'Otto','Porter Jr.','F',26.5,20,44,40,1,0,11,5),(359,'Bobby','Portis','F',24.81,20,125,60,1,0,9,20),(360,'Kristaps','Porzingis','F-C',24.34,71,161,114,1,2,17,7),(361,'Dwight','Powell','F-C',28.37,33,70,11,1,0,8,7),(362,'Norman','Powell','G',26.53,41,100,89,1,0,13,28),(363,'Taurean','Prince','F',25.7,27,94,141,1,0,13,3),(364,'Julius','Randle','C-F',25.01,120,218,76,1,0,17,20),(365,'Cam','Reddish','F-G',20.26,35,87,66,1,0,7,1),(366,'JJ','Redick','G',35.44,51,62,140,0,0,15,19),(367,'Josh','Richardson','G',26.22,50,121,83,1,1,16,23),(368,'Austin','Rivers','G',27.34,26,60,77,0,0,8,11),(369,'Glenn','Robinson III','F',25.9,30,152,72,1,0,12,10),(370,'Duncan','Robinson','F',25.62,16,25,123,1,0,11,16),(371,'Jerome','Robinson','G',22.78,8,28,30,0,0,4,13),(372,'Justin','Robinson','G',22.14,0,4,1,0,0,1,30),(373,'Mitchell','Robinson','C-F',21.67,49,84,0,1,2,9,20),(374,'Rajon','Rondo','G',33.78,7,42,29,1,0,8,14),(375,'Derrick','Rose','G',31.16,49,155,34,1,0,16,9),(376,'Terrence','Ross','G-F',28.82,31,81,105,1,0,12,22),(377,'Terry','Rozier','G',25.72,66,171,141,1,0,17,4),(378,'Ricky','Rubio','G',29.12,53,105,50,1,0,13,24),(379,'D\'Angelo','Russell','G',23.78,59,108,79,1,1,24,10),(380,'Domantas','Sabonis','F-C',23.58,81,235,21,1,1,18,12),(381,'JaKarr','Sampson','F',26.71,7,31,10,1,1,6,12),(382,'Dario','Saric','F',25.66,31,88,89,1,1,11,24),(383,'Tomas','Satoransky','G',28.09,31,95,65,1,0,10,5),(384,'Admiral','Schofield','G-F',22.68,4,3,7,0,0,4,30),(385,'Dennis','Schroder','G',26.22,51,167,91,1,0,16,21),(386,'Mike','Scott','F',31.38,11,39,67,0,0,6,23),(387,'Thabo','Sefolosha','F-G',35.59,0,16,26,1,0,2,11),(388,'Collin','Sexton','G',20.91,69,226,72,1,0,18,6),(389,'Landry','Shamet','G',22.73,10,19,58,0,0,9,13),(390,'Iman','Shumpert','G',29.44,5,21,27,1,0,5,3),(391,'Pascal','Siakam','F',25.67,90,266,123,1,1,26,28),(392,'Chris','Silva','F',23.2,28,39,2,0,1,4,16),(393,'Ben','Simmons','F',23.37,69,192,3,2,1,13,23),(394,'Anfernee','Simons','G',20.49,35,95,84,1,0,10,25),(395,'Marcus','Smart','G',25.75,33,82,125,1,0,12,2),(396,'Dennis','Smith Jr.','G',22.02,19,60,28,0,0,6,20),(397,'Ish','Smith','G',31.41,13,105,40,1,0,8,30),(398,'Tony','Snell','G',28.06,4,30,74,0,0,8,9),(399,'Omari','Spellman','F',22.37,40,96,46,1,1,8,10),(400,'Max','Strus','G-F',23.68,1,2,1,0,0,3,5),(401,'Edmond','Sumner','G',23.92,5,15,3,2,0,7,12),(402,'Caleb','Swanigan','F',22.63,2,2,0,0,1,1,26),(403,'Jayson','Tatum','F-G',21.75,79,230,123,1,1,21,2),(404,'Jeff','Teague','G',31.48,75,98,37,1,0,12,18),(405,'Garrett','Temple','G-F',33.57,24,44,116,1,1,9,3),(406,'Daniel','Theis','F',27.66,27,72,13,1,2,6,2),(407,'Isaiah','Thomas','G',30.82,18,92,78,0,0,12,30),(408,'Khyri','Thomas','G',23.57,2,0,0,0,0,1,9),(409,'Matt','Thomas','G',25.33,5,11,26,0,0,5,28),(410,'Tristan','Thompson','C-F',28.73,60,199,7,1,1,14,6),(411,'Matisse','Thybulle','G-F',22.75,17,32,37,1,1,4,23),(412,'Anthony','Tolliver','F',34.51,11,12,46,0,0,4,25),(413,'Karl-Anthony','Towns','C-F',24.05,98,145,152,1,1,26,18),(414,'Gary','Trent Jr.','G-F',20.87,0,10,23,0,0,4,25),(415,'Allonzo','Trier','G',23.88,26,17,26,0,0,8,20),(416,'P.J.','Tucker','F',34.58,18,47,78,1,0,10,11),(417,'Evan','Turner','G-F',31.1,14,50,4,1,0,4,1),(418,'Myles','Turner','C-F',23.69,28,68,50,1,2,12,12),(419,'Jonas','Valanciunas','C',27.58,33,158,30,0,1,14,15),(420,'Denzel','Valentine','G',26.05,0,9,18,0,0,4,5),(421,'Jarred','Vanderbilt','F',20.67,0,0,0,0,0,0,8),(422,'Fred','VanVleet','G',25.77,84,148,130,2,0,19,28),(423,'Noah','Vonleh','F',24.28,19,33,10,0,0,4,18),(424,'Nikola','Vucevic','C',29.11,39,161,50,1,1,17,22),(425,'Dean','Wade','F-C',23.03,0,1,1,0,0,1,6),(426,'Moritz','Wagner','F-C',22.61,32,86,44,1,1,12,30),(427,'Lonnie','Walker IV','G-F',20.97,7,32,7,0,0,3,27),(428,'Kemba','Walker','G',29.57,86,153,158,1,0,22,2),(429,'Tyrone','Wallace','G',25.48,17,28,14,0,0,3,1),(430,'Derrick','Walton Jr.','G',24.67,0,1,2,0,0,1,13),(431,'Brad','Wanamaker','G',30.36,45,69,24,1,0,8,2),(432,'T.J.','Warren','F',26.24,48,225,63,1,0,18,12),(433,'P.J.','Washington','F',21.28,47,130,66,1,1,12,4),(434,'Yuta','Watanabe','G-F',25.14,0,2,0,0,0,4,15),(435,'Tremont','Waters','G',21.9,2,2,5,1,2,7,2),(436,'Russell','Westbrook','G',31.06,108,234,90,2,0,22,11),(437,'Coby','White','G',19.79,39,136,129,1,0,13,5),(438,'Derrick','White','G',25.42,51,96,45,0,1,10,27),(439,'Hassan','Whiteside','C',30.47,62,175,0,0,2,15,25),(440,'Andrew','Wiggins','F',24.78,84,222,105,1,1,25,18),(441,'Robert','Williams III','C-F',22.13,12,45,0,1,1,4,2),(442,'Nigel','Williams-Goss','G',25.21,2,3,1,0,0,0,29),(443,'Grant','Williams','F',21.01,15,32,22,0,1,2,2),(444,'Kenrich','Williams','G-F',25,19,34,57,1,1,6,19),(445,'Lou','Williams','G',33.1,150,234,104,1,0,22,13),(446,'Marvin','Williams','F',33.46,28,50,72,1,0,8,4),(447,'D.J.','Wilson','F-C',23.79,0,12,26,0,0,5,17),(448,'Justise','Winslow','G-F',23.69,25,79,21,1,0,12,16),(449,'Christian','Wood','F',24.18,42,71,27,0,1,9,9),(450,'Delon','Wright','G',27.6,32,85,34,1,0,8,7),(451,'Thaddeus','Young','F',31.45,27,110,71,1,0,9,5),(452,'Trae','Young','G',21.21,146,233,174,1,0,28,1),(453,'Cody','Zeller','C',27.16,49,127,33,0,0,11,4),(454,'Ante','Zizic','C',22.91,5,18,0,0,0,5,6),(455,'Ivica','Zubac','C',22.71,48,110,1,0,1,8,13),(456,'Frank','Mason','G',25.67,2,2,2,0,0,2,17),(457,'Norvel','Pelle','F',26.83,4,0,0,0,4,3,23),(458,'Ty','Jerome','G-F',22.41,0,3,1,3,0,4,24),(459,'Brandon','Goodwin','G',24.17,0,0,0,0,0,0,1),(460,'Kadeem','Allen','G',26.88,0,2,4,1,0,9,20),(461,'Steven','Adams','C',26.37,41,118,0,1,1,10,21),(462,'Bam','Adebayo','C-F',22.38,110,161,6,2,1,14,16),(463,'LaMarcus','Aldridge','F-C',34.38,72,265,31,1,2,19,27),(464,'Nickeil','Alexander-Walker','G',21.25,14,51,61,0,0,6,19),(465,'Grayson','Allen','G',24.15,17,35,33,0,0,7,15),(466,'Jarrett','Allen','C',21.62,88,134,1,1,1,12,3);
/*!40000 ALTER TABLE `player` ENABLE KEYS */;
UNLOCK TABLES;
/*!50003 SET @saved_cs_client      = @@character_set_client */ ;
/*!50003 SET @saved_cs_results     = @@character_set_results */ ;
/*!50003 SET @saved_col_connection = @@collation_connection */ ;
/*!50003 SET character_set_client  = utf8mb4 */ ;
/*!50003 SET character_set_results = utf8mb4 */ ;
/*!50003 SET collation_connection  = utf8mb4_general_ci */ ;
/*!50003 SET @saved_sql_mode       = @@sql_mode */ ;
/*!50003 SET sql_mode              = '' */ ;
DELIMITER ;;
/*!50003 CREATE*/ /*!50017 DEFINER=`juliocik_user`@`75.83.223.149`*/ /*!50003 TRIGGER positionCheck BEFORE INSERT ON player FOR EACH ROW 
IF NEW.pos = 'Center' THEN SET NEW.pos = 'C'; 
elseif new.pos = 'Point Guard' then set new.pos = 'PG';
elseif new.pos = 'Forward, Center' then set new.pos = 'F-C';
elseif new.pos = 'Center, Forward' then set new.pos = 'C-F';
elseif new.pos = 'Guard, Forward' then set new.pos = 'G-F';
elseif new.pos = 'Forward, Guard' then set new.pos = 'F-G';
elseif new.pos = 'Forward' then set new.pos = 'F';
elseif new.pos = 'Guard' then set new.pos = 'G';
elseif new.pos = '0' then set new.pos = '0';
END IF */;;
DELIMITER ;
/*!50003 SET sql_mode              = @saved_sql_mode */ ;
/*!50003 SET character_set_client  = @saved_cs_client */ ;
/*!50003 SET character_set_results = @saved_cs_results */ ;
/*!50003 SET collation_connection  = @saved_col_connection */ ;

--
-- Table structure for table `player_game`
--

DROP TABLE IF EXISTS `player_game`;
/*!40101 SET @saved_cs_client     = @@character_set_client */;
/*!40101 SET character_set_client = utf8 */;
CREATE TABLE `player_game` (
  `player_game_id` int(11) NOT NULL,
  `player_id` int(11) DEFAULT NULL,
  `game_id` int(11) DEFAULT NULL,
  `min_played` int(11) DEFAULT NULL,
  `points` int(11) DEFAULT NULL,
  PRIMARY KEY (`player_game_id`),
  KEY `player_id` (`player_id`),
  KEY `game_id` (`game_id`),
  CONSTRAINT `player_game_ibfk_1` FOREIGN KEY (`player_id`) REFERENCES `player` (`player_id`),
  CONSTRAINT `player_game_ibfk_2` FOREIGN KEY (`game_id`) REFERENCES `game` (`game_id`)
) ENGINE=InnoDB DEFAULT CHARSET=latin1;
/*!40101 SET character_set_client = @saved_cs_client */;

--
-- Dumping data for table `player_game`
--

LOCK TABLES `player_game` WRITE;
/*!40000 ALTER TABLE `player_game` DISABLE KEYS */;
INSERT INTO `player_game` VALUES (1,379,306,24,18),(2,369,306,30,8),(3,345,306,36,16),(4,167,306,24,5),(5,86,306,17,8),(6,73,306,30,15),(7,53,306,24,7),(8,355,306,11,0),(9,90,306,14,2),(10,267,306,12,7),(11,399,306,13,5),(12,58,306,18,10),(13,433,306,33,9),(14,42,306,17,2),(15,162,306,35,33),(16,377,306,35,25),(17,28,306,24,3),(18,453,306,17,8),(19,307,306,16,8),(20,446,306,27,4),(21,399,306,13,4),(22,299,307,25,17),(23,10,307,27,35),(24,268,307,18,5),(25,284,307,17,8),(26,44,307,26,13),(27,269,307,18,10),(28,120,307,21,6),(29,99,307,17,5),(30,196,307,14,3),(31,212,307,15,10),(32,250,307,20,9),(33,447,307,15,6),(34,398,307,26,7),(35,171,307,30,16),(36,125,307,32,23),(37,320,307,27,6),(38,66,307,21,0),(39,151,307,37,20),(40,375,307,25,14),(41,312,307,15,5),(42,449,307,14,7),(43,276,307,2,5),(44,146,307,2,0),(45,123,307,2,0),(46,342,308,23,8),(47,382,308,25,10),(48,239,308,26,23),(49,50,308,30,17),(50,378,308,25,4),(51,458,308,18,5),(52,59,308,25,15),(53,227,308,25,12),(54,82,308,18,0),(55,116,308,19,16),(56,334,308,4,4),(57,216,308,27,7),(58,160,308,33,32),(59,40,308,28,7),(60,143,308,27,21),(61,147,308,26,13),(62,376,308,22,22),(63,17,308,26,11),(64,217,308,18,4),(65,22,308,18,10),(66,275,308,2,1),(67,224,308,2,0),(68,145,308,2,0);
/*!40000 ALTER TABLE `player_game` ENABLE KEYS */;
UNLOCK TABLES;
/*!50003 SET @saved_cs_client      = @@character_set_client */ ;
/*!50003 SET @saved_cs_results     = @@character_set_results */ ;
/*!50003 SET @saved_col_connection = @@collation_connection */ ;
/*!50003 SET character_set_client  = utf8mb4 */ ;
/*!50003 SET character_set_results = utf8mb4 */ ;
/*!50003 SET collation_connection  = utf8mb4_general_ci */ ;
/*!50003 SET @saved_sql_mode       = @@sql_mode */ ;
/*!50003 SET sql_mode              = '' */ ;
DELIMITER ;;
/*!50003 CREATE*/ /*!50017 DEFINER=`juliocik_user`@`75.83.223.149`*/ /*!50003 TRIGGER pointCheck BEFORE INSERT ON player_game FOR EACH ROW IF NEW.points < 0 THEN SET NEW.points = 0; END IF */;;
DELIMITER ;
/*!50003 SET sql_mode              = @saved_sql_mode */ ;
/*!50003 SET character_set_client  = @saved_cs_client */ ;
/*!50003 SET character_set_results = @saved_cs_results */ ;
/*!50003 SET collation_connection  = @saved_col_connection */ ;

--
-- Table structure for table `stadium`
--

DROP TABLE IF EXISTS `stadium`;
/*!40101 SET @saved_cs_client     = @@character_set_client */;
/*!40101 SET character_set_client = utf8 */;
CREATE TABLE `stadium` (
  `stadium_id` int(11) NOT NULL,
  `city_id` int(11) DEFAULT NULL,
  `stadium_name` varchar(32) DEFAULT NULL,
  PRIMARY KEY (`stadium_id`),
  KEY `city_id` (`city_id`),
  CONSTRAINT `stadium_ibfk_1` FOREIGN KEY (`city_id`) REFERENCES `city` (`city_id`)
) ENGINE=InnoDB DEFAULT CHARSET=latin1;
/*!40101 SET character_set_client = @saved_cs_client */;

--
-- Dumping data for table `stadium`
--

LOCK TABLES `stadium` WRITE;
/*!40000 ALTER TABLE `stadium` DISABLE KEYS */;
INSERT INTO `stadium` VALUES (1,1,'State Farm Arena'),(2,2,'TD Garden'),(3,3,'Barclays Center'),(4,4,'Spectrum Center'),(5,5,'United Center'),(6,6,'Rocket Mortgage FieldHouse'),(7,7,'American Airlines Center'),(8,8,'Pepsi Center'),(9,9,'Little Caesars Arena'),(10,11,'Toyota Center'),(11,12,'Bankers Life Fieldhouse'),(12,13,'Staples Center'),(13,14,'FedExForum'),(14,15,'American Airlines Arena'),(15,16,'Fiserv Forum'),(16,17,'Target Center'),(17,18,'Smoothie King Center'),(18,19,'Madison Square Garden'),(19,20,'Chesapeake Energy Arena'),(20,21,'Amway Center'),(21,22,'Wells Fargo Center'),(22,23,'Talking Stick Resort Arena'),(23,24,'Moda Center'),(24,25,'Golden 1 Center'),(25,28,'Vivint Smart Home Arena'),(26,26,'AT&T Center'),(27,10,'Chase Center'),(28,27,'Scotiabank Arena'),(29,29,'Capital One Arena');
/*!40000 ALTER TABLE `stadium` ENABLE KEYS */;
UNLOCK TABLES;

--
-- Table structure for table `state`
--

DROP TABLE IF EXISTS `state`;
/*!40101 SET @saved_cs_client     = @@character_set_client */;
/*!40101 SET character_set_client = utf8 */;
CREATE TABLE `state` (
  `state_id` int(11) NOT NULL,
  `country_id` int(11) DEFAULT NULL,
  `state_name` varchar(32) DEFAULT NULL,
  `state_abrv` varchar(2) DEFAULT NULL,
  PRIMARY KEY (`state_id`),
  KEY `country_id` (`country_id`),
  CONSTRAINT `state_ibfk_1` FOREIGN KEY (`country_id`) REFERENCES `country` (`country_id`)
) ENGINE=InnoDB DEFAULT CHARSET=latin1;
/*!40101 SET character_set_client = @saved_cs_client */;

--
-- Dumping data for table `state`
--

LOCK TABLES `state` WRITE;
/*!40000 ALTER TABLE `state` DISABLE KEYS */;
INSERT INTO `state` VALUES (1,1,'Arizona','AZ'),(2,1,'California','CA'),(3,1,'Colorado','CO'),(4,1,'Florida','FL'),(5,1,'Georgia','GA'),(6,1,'Illinois','IL'),(7,1,'Indiana','IN'),(8,1,'Louisiana','LA'),(9,1,'Massachusetts','MA'),(10,1,'Michigan','MI'),(11,1,'Minnesota','MN'),(12,1,'New York','NY'),(13,1,'North Carolina','NC'),(14,1,'Ohio','IN'),(15,1,'Oklahoma','OK'),(16,1,'Oregon','OR'),(17,1,'Pennysylvania','PY'),(18,1,'Tennessee','TN'),(19,1,'Texas','TX'),(20,1,'Utah','UT'),(21,1,'Washington DC','WA'),(22,1,'Wisconsin','WI'),(23,2,'Ontario','OT');
/*!40000 ALTER TABLE `state` ENABLE KEYS */;
UNLOCK TABLES;

--
-- Table structure for table `team`
--

DROP TABLE IF EXISTS `team`;
/*!40101 SET @saved_cs_client     = @@character_set_client */;
/*!40101 SET character_set_client = utf8 */;
CREATE TABLE `team` (
  `team_id` int(11) NOT NULL AUTO_INCREMENT,
  `team_name` varchar(32) DEFAULT NULL,
  `coach_id` int(11) DEFAULT NULL,
  `owner_id` int(11) DEFAULT NULL,
  `seasonal_wins` int(11) DEFAULT NULL,
  `seasonal_losses` int(11) DEFAULT NULL,
  `current_standing` int(11) DEFAULT NULL,
  `stadium_id` int(11) DEFAULT NULL,
  `team_name_location` varchar(32) DEFAULT NULL,
  `division_code` char(4) DEFAULT NULL,
  PRIMARY KEY (`team_id`),
  KEY `coach_id` (`coach_id`),
  KEY `owner_id` (`owner_id`),
  KEY `stadium_id` (`stadium_id`),
  KEY `division_code` (`division_code`),
  CONSTRAINT `team_ibfk_1` FOREIGN KEY (`coach_id`) REFERENCES `coach` (`coach_id`),
  CONSTRAINT `team_ibfk_2` FOREIGN KEY (`owner_id`) REFERENCES `team_owner` (`owner_id`),
  CONSTRAINT `team_ibfk_4` FOREIGN KEY (`stadium_id`) REFERENCES `stadium` (`stadium_id`),
  CONSTRAINT `team_ibfk_5` FOREIGN KEY (`division_code`) REFERENCES `division` (`division_code`)
) ENGINE=InnoDB AUTO_INCREMENT=31 DEFAULT CHARSET=latin1;
/*!40101 SET character_set_client = @saved_cs_client */;

--
-- Dumping data for table `team`
--

LOCK TABLES `team` WRITE;
/*!40000 ALTER TABLE `team` DISABLE KEYS */;
INSERT INTO `team` VALUES (1,'Atlanta',3,1,15,20,13,1,'Hawks','SEST'),(2,'Boston',18,2,16,5,2,2,'Celtics','ATLA'),(3,'Brooklyn',16,3,13,10,7,3,'Nets','ATLA'),(4,'Charlotte',2,4,9,16,10,4,'Hornets','SEST'),(5,'Chicago',8,5,8,16,11,5,'Bulls','CENT'),(6,'Cleveland',4,6,5,17,14,6,'Cavaliers','CENT'),(7,'Dallas',27,7,16,7,3,7,'Mavericks','SWST'),(8,'Denver',28,8,14,7,5,8,'Nuggets','NWST'),(9,'Detroit',20,9,9,14,9,9,'Pistons','CENT'),(10,'Golden State',29,10,5,19,27,27,'Warriors','PACI'),(11,'Houston',30,11,15,7,4,10,'Rockets','SWST'),(12,'Indiana',21,12,15,8,6,11,'Pacers','CENT'),(13,'LA',31,13,17,7,2,12,'Clippers','PACI'),(14,'Los Angeles',7,14,21,3,1,12,'Lakers','PACI'),(15,'Memphis',1,15,6,16,13,13,'Grizzlies','SWST'),(16,'Miami',19,16,17,6,3,14,'Heat','SEST'),(17,'Milwaukee',23,17,20,3,1,15,'Bucks','CENT'),(18,'Minnesota',6,18,10,12,9,16,'Timberwolves','NWST'),(19,'New Orleans',17,19,6,17,14,17,'Pelicans','SWST'),(20,'New York',24,20,4,19,15,18,'Knicks','ATLA'),(21,'Oklahoma City',11,21,10,12,7,19,'Thunder','NWST'),(22,'Orlando',13,22,11,11,8,20,'Magic','SEST'),(23,'Philadelphia',25,23,17,7,4,21,'76ers','ATLA'),(24,'Phoenix',12,24,10,12,8,22,'Suns','PACI'),(25,'Portland',32,25,9,15,12,23,'Trail Blazers','NWST'),(26,'Sacramento',14,26,9,13,10,24,'Kings','PACI'),(27,'San Antonio',33,27,9,14,11,26,'Spurs','SWST'),(28,'Toronto',26,28,15,7,5,28,'Raptors','ATLA'),(29,'Utah',15,29,13,10,6,25,'Jazz','NWST'),(30,'Washington',34,30,7,15,12,29,'Wizards','SEST');
/*!40000 ALTER TABLE `team` ENABLE KEYS */;
UNLOCK TABLES;

--
-- Table structure for table `team_owner`
--

DROP TABLE IF EXISTS `team_owner`;
/*!40101 SET @saved_cs_client     = @@character_set_client */;
/*!40101 SET character_set_client = utf8 */;
CREATE TABLE `team_owner` (
  `owner_id` int(11) NOT NULL AUTO_INCREMENT,
  `fname` varchar(32) DEFAULT NULL,
  `lname` varchar(32) DEFAULT NULL,
  PRIMARY KEY (`owner_id`)
) ENGINE=InnoDB AUTO_INCREMENT=31 DEFAULT CHARSET=latin1;
/*!40101 SET character_set_client = @saved_cs_client */;

--
-- Dumping data for table `team_owner`
--

LOCK TABLES `team_owner` WRITE;
/*!40000 ALTER TABLE `team_owner` DISABLE KEYS */;
INSERT INTO `team_owner` VALUES (1,'Tony','Ressler'),(2,'Wyc','Grousbeck'),(3,'Joseph','Tsai'),(4,'Michael','Jordan'),(5,'Jerry','Reinsdorf'),(6,'Dan','Gilbert'),(7,'Mark','Cuban'),(8,'Ann','Walton Kroenke'),(9,'Tom','Gores'),(10,'Joe','Lacob'),(11,'Tilman','Fertitta'),(12,'Herbert','Simon'),(13,'Steve','Ballmer'),(14,'Jeanie','Buss'),(15,'Robert','J. Pera'),(16,'Micky','Arison'),(17,'Marc','Lasry'),(18,'Glen','Taylor'),(19,'Gayle','Benson'),(20,'James','Dolan'),(21,'Clay','Bennett'),(22,'Dan','DeVos'),(23,'Kevin','Hart'),(24,'Robert','Sarver'),(25,'Jody','Allen'),(26,'Paul','E. Jacobs'),(27,'Peter','Holt'),(28,'Larry','Tanenbaum'),(29,'Gail','Miller'),(30,'Ted','Leonsis');
/*!40000 ALTER TABLE `team_owner` ENABLE KEYS */;
UNLOCK TABLES;

--
-- Temporary table structure for view `viewDivisionBest`
--

DROP TABLE IF EXISTS `viewDivisionBest`;
/*!50001 DROP VIEW IF EXISTS `viewDivisionBest`*/;
SET @saved_cs_client     = @@character_set_client;
SET character_set_client = utf8;
/*!50001 CREATE TABLE `viewDivisionBest` (
  `Team` tinyint NOT NULL,
  `Division` tinyint NOT NULL,
  `Wins` tinyint NOT NULL
) ENGINE=MyISAM */;
SET character_set_client = @saved_cs_client;

--
-- Temporary table structure for view `viewGameScore`
--

DROP TABLE IF EXISTS `viewGameScore`;
/*!50001 DROP VIEW IF EXISTS `viewGameScore`*/;
SET @saved_cs_client     = @@character_set_client;
SET character_set_client = utf8;
/*!50001 CREATE TABLE `viewGameScore` (
  `game_id` tinyint NOT NULL,
  `Home Team` tinyint NOT NULL,
  `Away Team` tinyint NOT NULL,
  `Score` tinyint NOT NULL
) ENGINE=MyISAM */;
SET character_set_client = @saved_cs_client;

--
-- Temporary table structure for view `viewPlayerGameStats`
--

DROP TABLE IF EXISTS `viewPlayerGameStats`;
/*!50001 DROP VIEW IF EXISTS `viewPlayerGameStats`*/;
SET @saved_cs_client     = @@character_set_client;
SET character_set_client = utf8;
/*!50001 CREATE TABLE `viewPlayerGameStats` (
  `Player Name` tinyint NOT NULL,
  `Player's Team` tinyint NOT NULL,
  `Points Scored That Game` tinyint NOT NULL,
  `Position` tinyint NOT NULL,
  `Age` tinyint NOT NULL,
  `Free Throw Attempts Total Season` tinyint NOT NULL,
  `Two Point Attempts Total Season` tinyint NOT NULL,
  `Three Point Attempts Total Season` tinyint NOT NULL,
  `Steals Per Game` tinyint NOT NULL,
  `Blocks Per Game` tinyint NOT NULL,
  `Points Per Game` tinyint NOT NULL,
  `Home Team` tinyint NOT NULL,
  `Away Team` tinyint NOT NULL,
  `Home Team Score` tinyint NOT NULL,
  `Away Team Score` tinyint NOT NULL
) ENGINE=MyISAM */;
SET character_set_client = @saved_cs_client;

--
-- Temporary table structure for view `viewStadiums`
--

DROP TABLE IF EXISTS `viewStadiums`;
/*!50001 DROP VIEW IF EXISTS `viewStadiums`*/;
SET @saved_cs_client     = @@character_set_client;
SET character_set_client = utf8;
/*!50001 CREATE TABLE `viewStadiums` (
  `Stadium` tinyint NOT NULL,
  `Location` tinyint NOT NULL,
  `Country` tinyint NOT NULL
) ENGINE=MyISAM */;
SET character_set_client = @saved_cs_client;

--
-- Temporary table structure for view `viewTeamStats`
--

DROP TABLE IF EXISTS `viewTeamStats`;
/*!50001 DROP VIEW IF EXISTS `viewTeamStats`*/;
SET @saved_cs_client     = @@character_set_client;
SET character_set_client = utf8;
/*!50001 CREATE TABLE `viewTeamStats` (
  `Date Match Played` tinyint NOT NULL,
  `Home Score` tinyint NOT NULL,
  `Away Score` tinyint NOT NULL,
  `NumberOfOvertimes` tinyint NOT NULL,
  `Home Team` tinyint NOT NULL,
  `Away Team` tinyint NOT NULL,
  `Home team seasonal wins` tinyint NOT NULL,
  `Home Team Seasonal Losses` tinyint NOT NULL,
  `Away Team Seasonal Wins` tinyint NOT NULL,
  `Away Team Seasonal Losses` tinyint NOT NULL,
  `Home Team Stadium` tinyint NOT NULL,
  `Away Team Stadium` tinyint NOT NULL
) ENGINE=MyISAM */;
SET character_set_client = @saved_cs_client;

--
-- Dumping events for database 'juliocik_nba'
--

--
-- Dumping routines for database 'juliocik_nba'
--
/*!50003 DROP PROCEDURE IF EXISTS `coachTeamChange` */;
/*!50003 SET @saved_cs_client      = @@character_set_client */ ;
/*!50003 SET @saved_cs_results     = @@character_set_results */ ;
/*!50003 SET @saved_col_connection = @@collation_connection */ ;
/*!50003 SET character_set_client  = utf8mb4 */ ;
/*!50003 SET character_set_results = utf8mb4 */ ;
/*!50003 SET collation_connection  = utf8mb4_general_ci */ ;
/*!50003 SET @saved_sql_mode       = @@sql_mode */ ;
/*!50003 SET sql_mode              = '' */ ;
DELIMITER ;;
CREATE DEFINER=`juliocik_user`@`47.154.220.79` PROCEDURE `coachTeamChange`(in inTeamID int (11), in inCoachID int (11))
BEGIN
update team set team.coach_id = inCoachID where team_id = inTeamID;
select concat(coach.fname, " ", coach.lname) as "Coach", team_name as "New Team"
from team
    inner join coach on team.coach_id = coach.coach_id
where team_id = inTeamID;
end ;;
DELIMITER ;
/*!50003 SET sql_mode              = @saved_sql_mode */ ;
/*!50003 SET character_set_client  = @saved_cs_client */ ;
/*!50003 SET character_set_results = @saved_cs_results */ ;
/*!50003 SET collation_connection  = @saved_col_connection */ ;
/*!50003 DROP PROCEDURE IF EXISTS `dropPlayer` */;
/*!50003 SET @saved_cs_client      = @@character_set_client */ ;
/*!50003 SET @saved_cs_results     = @@character_set_results */ ;
/*!50003 SET @saved_col_connection = @@collation_connection */ ;
/*!50003 SET character_set_client  = utf8mb4 */ ;
/*!50003 SET character_set_results = utf8mb4 */ ;
/*!50003 SET collation_connection  = utf8mb4_general_ci */ ;
/*!50003 SET @saved_sql_mode       = @@sql_mode */ ;
/*!50003 SET sql_mode              = '' */ ;
DELIMITER ;;
CREATE DEFINER=`juliocik_user`@`47.154.220.79` PROCEDURE `dropPlayer`(in inPlayerID int (11))
BEGIN
select concat(fname, " ", lname) as "Dropped" from player where player_id = inPlayerID;
delete from player where player_id = inPlayerId;
end ;;
DELIMITER ;
/*!50003 SET sql_mode              = @saved_sql_mode */ ;
/*!50003 SET character_set_client  = @saved_cs_client */ ;
/*!50003 SET character_set_results = @saved_cs_results */ ;
/*!50003 SET collation_connection  = @saved_col_connection */ ;
/*!50003 DROP PROCEDURE IF EXISTS `getCoachStats` */;
/*!50003 SET @saved_cs_client      = @@character_set_client */ ;
/*!50003 SET @saved_cs_results     = @@character_set_results */ ;
/*!50003 SET @saved_col_connection = @@collation_connection */ ;
/*!50003 SET character_set_client  = utf8mb4 */ ;
/*!50003 SET character_set_results = utf8mb4 */ ;
/*!50003 SET collation_connection  = utf8mb4_general_ci */ ;
/*!50003 SET @saved_sql_mode       = @@sql_mode */ ;
/*!50003 SET sql_mode              = '' */ ;
DELIMITER ;;
CREATE DEFINER=`juliocik_user`@`47.154.220.79` PROCEDURE `getCoachStats`(in inputCoach varchar(32))
BEGIN
select concat(fname," ",lname) as CoachName, all_time_wins as "Wins", 
all_time_losses as "Losses" from coach having CoachName = inputCoach;
END ;;
DELIMITER ;
/*!50003 SET sql_mode              = @saved_sql_mode */ ;
/*!50003 SET character_set_client  = @saved_cs_client */ ;
/*!50003 SET character_set_results = @saved_cs_results */ ;
/*!50003 SET collation_connection  = @saved_col_connection */ ;
/*!50003 DROP PROCEDURE IF EXISTS `getGamesByDate` */;
/*!50003 SET @saved_cs_client      = @@character_set_client */ ;
/*!50003 SET @saved_cs_results     = @@character_set_results */ ;
/*!50003 SET @saved_col_connection = @@collation_connection */ ;
/*!50003 SET character_set_client  = utf8mb4 */ ;
/*!50003 SET character_set_results = utf8mb4 */ ;
/*!50003 SET collation_connection  = utf8mb4_general_ci */ ;
/*!50003 SET @saved_sql_mode       = @@sql_mode */ ;
/*!50003 SET sql_mode              = '' */ ;
DELIMITER ;;
CREATE DEFINER=`juliocik_user`@`47.154.220.79` PROCEDURE `getGamesByDate`(in dateOfGame DATE)
BEGIN
SELECT
    concat(h.team_name, " ", h.team_name_location) AS "Home Team",
    concat(a.team_name, " ", a.team_name_location) AS "Away Team",
    concat(g.home_score, "-", g.away_score) AS "Score",
    g.overtime AS "Overtime"
    FROM game g
    INNER JOIN team h ON g.home_team = h.team_id
    INNER JOIN team a ON g.away_team = a.team_id
    WHERE g.game_date = dateOfGame;
END ;;
DELIMITER ;
/*!50003 SET sql_mode              = @saved_sql_mode */ ;
/*!50003 SET character_set_client  = @saved_cs_client */ ;
/*!50003 SET character_set_results = @saved_cs_results */ ;
/*!50003 SET collation_connection  = @saved_col_connection */ ;
/*!50003 DROP PROCEDURE IF EXISTS `getPlayerStats` */;
/*!50003 SET @saved_cs_client      = @@character_set_client */ ;
/*!50003 SET @saved_cs_results     = @@character_set_results */ ;
/*!50003 SET @saved_col_connection = @@collation_connection */ ;
/*!50003 SET character_set_client  = utf8mb4 */ ;
/*!50003 SET character_set_results = utf8mb4 */ ;
/*!50003 SET collation_connection  = utf8mb4_general_ci */ ;
/*!50003 SET @saved_sql_mode       = @@sql_mode */ ;
/*!50003 SET sql_mode              = '' */ ;
DELIMITER ;;
CREATE DEFINER=`juliocik_user`@`47.154.220.79` PROCEDURE `getPlayerStats`(in inPlayerName varchar(32))
BEGIN
select concat(fname, " ",lname) as PlayerName, pos as "Position", round(age,2) as "Age",
fta as "Free Throw Attempts", twopa as "Two Point Attempts", threepa as "Three Point Attempts",
stp as "Steals Per Game", bpg as "Blocks Per Game", ppg as "Points Per Game" from player having PlayerName
= inPlayerName;
END ;;
DELIMITER ;
/*!50003 SET sql_mode              = @saved_sql_mode */ ;
/*!50003 SET character_set_client  = @saved_cs_client */ ;
/*!50003 SET character_set_results = @saved_cs_results */ ;
/*!50003 SET collation_connection  = @saved_col_connection */ ;
/*!50003 DROP PROCEDURE IF EXISTS `getPlayerStatsForGame` */;
/*!50003 SET @saved_cs_client      = @@character_set_client */ ;
/*!50003 SET @saved_cs_results     = @@character_set_results */ ;
/*!50003 SET @saved_col_connection = @@collation_connection */ ;
/*!50003 SET character_set_client  = utf8mb4 */ ;
/*!50003 SET character_set_results = utf8mb4 */ ;
/*!50003 SET collation_connection  = utf8mb4_general_ci */ ;
/*!50003 SET @saved_sql_mode       = @@sql_mode */ ;
/*!50003 SET sql_mode              = '' */ ;
DELIMITER ;;
CREATE DEFINER=`juliocik_user`@`47.154.220.79` PROCEDURE `getPlayerStatsForGame`(in inGameID int(3))
BEGIN
select concat(fname," ",lname) as "Player Name", t3.team_name as "Player's Team" ,
points as "Points Scored That Game", pos as "Position", 
round(age,0) as "Age", fta as "Free Throw Attempts Total Season", 
twopa as "Two Point Attempts Total Season",
threepa as "Three Point Attempts Total Season", stp as "Steals Per Game", bpg as "Blocks Per Game",
ppg as "Points Per Game", t1.team_name as "Home Team", t2.team_name as "Away Team",
g.home_score as "Home Team Score", g.away_score as "Away Team Score" 
from player_game pg join player p on p.player_id = pg.player_id join game g on pg.game_id = g.game_id
join team t1 on t1.team_id = g.home_team join team t2 on t2.team_id = g.away_team 
join team t3 on t3.team_id = p.team_id where g.game_id = inGameID;
END ;;
DELIMITER ;
/*!50003 SET sql_mode              = @saved_sql_mode */ ;
/*!50003 SET character_set_client  = @saved_cs_client */ ;
/*!50003 SET character_set_results = @saved_cs_results */ ;
/*!50003 SET collation_connection  = @saved_col_connection */ ;
/*!50003 DROP PROCEDURE IF EXISTS `getStateTeams` */;
/*!50003 SET @saved_cs_client      = @@character_set_client */ ;
/*!50003 SET @saved_cs_results     = @@character_set_results */ ;
/*!50003 SET @saved_col_connection = @@collation_connection */ ;
/*!50003 SET character_set_client  = utf8mb4 */ ;
/*!50003 SET character_set_results = utf8mb4 */ ;
/*!50003 SET collation_connection  = utf8mb4_general_ci */ ;
/*!50003 SET @saved_sql_mode       = @@sql_mode */ ;
/*!50003 SET sql_mode              = '' */ ;
DELIMITER ;;
CREATE DEFINER=`juliocik_user`@`47.154.220.79` PROCEDURE `getStateTeams`(in inStateName VARCHAR(32))
BEGIN
SELECT
    concat(team.team_name," ",team.team_name_location) AS "Team",
    team.seasonal_wins as "Seasonal Wins",
    team.seasonal_losses as "Seasonal Losses",
    team.division_code as "Division",
    team.current_standing as "Current Standing",
    stadium.stadium_id as "Stadium",
    city.city_id as "City"
    FROM state
    JOIN city ON state.state_id = city.state_id
    JOIN stadium ON city.city_id = stadium.city_id
    JOIN team ON stadium.stadium_id = team.stadium_id
    WHERE state.state_name = inStateName;
END ;;
DELIMITER ;
/*!50003 SET sql_mode              = @saved_sql_mode */ ;
/*!50003 SET character_set_client  = @saved_cs_client */ ;
/*!50003 SET character_set_results = @saved_cs_results */ ;
/*!50003 SET collation_connection  = @saved_col_connection */ ;
/*!50003 DROP PROCEDURE IF EXISTS `getTeamHistory` */;
/*!50003 SET @saved_cs_client      = @@character_set_client */ ;
/*!50003 SET @saved_cs_results     = @@character_set_results */ ;
/*!50003 SET @saved_col_connection = @@collation_connection */ ;
/*!50003 SET character_set_client  = utf8mb4 */ ;
/*!50003 SET character_set_results = utf8mb4 */ ;
/*!50003 SET collation_connection  = utf8mb4_general_ci */ ;
/*!50003 SET @saved_sql_mode       = @@sql_mode */ ;
/*!50003 SET sql_mode              = '' */ ;
DELIMITER ;;
CREATE DEFINER=`juliocik_user`@`47.154.220.79` PROCEDURE `getTeamHistory`(in teamName varchar (30))
BEGIN
select g.game_date as "Date Match Played", home_score as "Home Score", away_score "Away Score", overtime as NumberOfOvertimes, 
t1.team_name as "Home Team", t2.team_name as "Away Team", t1.seasonal_wins as "Home team seasonal wins", t1.seasonal_losses as "Home Team Seasonal Losses",
  t1.seasonal_wins as "Away Team Seasonal Wins", t2.seasonal_losses as "Away Team Seasonal Losses", s1.stadium_name as "Home Team Stadium",
  s2.stadium_name as "Away Team Stadium" from game g join team t1 on t1.team_id = g.away_team join team t2 on t2.team_id = g.home_team 
  join stadium s1 on t1.stadium_id = s1.stadium_id join stadium s2 on t2.stadium_id = s2.stadium_id where t1.team_name = teamName;


END ;;
DELIMITER ;
/*!50003 SET sql_mode              = @saved_sql_mode */ ;
/*!50003 SET character_set_client  = @saved_cs_client */ ;
/*!50003 SET character_set_results = @saved_cs_results */ ;
/*!50003 SET collation_connection  = @saved_col_connection */ ;
/*!50003 DROP PROCEDURE IF EXISTS `ownerChange` */;
/*!50003 SET @saved_cs_client      = @@character_set_client */ ;
/*!50003 SET @saved_cs_results     = @@character_set_results */ ;
/*!50003 SET @saved_col_connection = @@collation_connection */ ;
/*!50003 SET character_set_client  = utf8mb4 */ ;
/*!50003 SET character_set_results = utf8mb4 */ ;
/*!50003 SET collation_connection  = utf8mb4_general_ci */ ;
/*!50003 SET @saved_sql_mode       = @@sql_mode */ ;
/*!50003 SET sql_mode              = '' */ ;
DELIMITER ;;
CREATE DEFINER=`juliocik_user`@`47.154.220.79` PROCEDURE `ownerChange`(in inTeamID int (11), in inOwnerID int (11))
BEGIN
update team set team.owner_id = inOwnerID where team_id = inTeamID;
select concat(team_owner.fname, " ", team_owner.lname) as "Owner", team_name as "New Team"
from team
    inner join team_owner on team.owner_id = team_owner.owner_id
where team_id = inTeamID;
end ;;
DELIMITER ;
/*!50003 SET sql_mode              = @saved_sql_mode */ ;
/*!50003 SET character_set_client  = @saved_cs_client */ ;
/*!50003 SET character_set_results = @saved_cs_results */ ;
/*!50003 SET collation_connection  = @saved_col_connection */ ;
/*!50003 DROP PROCEDURE IF EXISTS `playerTeamChange` */;
/*!50003 SET @saved_cs_client      = @@character_set_client */ ;
/*!50003 SET @saved_cs_results     = @@character_set_results */ ;
/*!50003 SET @saved_col_connection = @@collation_connection */ ;
/*!50003 SET character_set_client  = utf8mb4 */ ;
/*!50003 SET character_set_results = utf8mb4 */ ;
/*!50003 SET collation_connection  = utf8mb4_general_ci */ ;
/*!50003 SET @saved_sql_mode       = @@sql_mode */ ;
/*!50003 SET sql_mode              = '' */ ;
DELIMITER ;;
CREATE DEFINER=`juliocik_user`@`47.154.220.79` PROCEDURE `playerTeamChange`(in inTeamID int (11), in inPlayerID int (11))
BEGIN
update player set player.team_id = inTeamID where player_id = inPlayerID;
select concat(fname, " ", lname) as "Player", team.team_name as "New Team"
from player
    inner join team on player.team_id = team.team_id
where player_id = inPlayerID;
end ;;
DELIMITER ;
/*!50003 SET sql_mode              = @saved_sql_mode */ ;
/*!50003 SET character_set_client  = @saved_cs_client */ ;
/*!50003 SET character_set_results = @saved_cs_results */ ;
/*!50003 SET collation_connection  = @saved_col_connection */ ;
/*!50003 DROP PROCEDURE IF EXISTS `updatePlayerStats` */;
/*!50003 SET @saved_cs_client      = @@character_set_client */ ;
/*!50003 SET @saved_cs_results     = @@character_set_results */ ;
/*!50003 SET @saved_col_connection = @@collation_connection */ ;
/*!50003 SET character_set_client  = utf8mb4 */ ;
/*!50003 SET character_set_results = utf8mb4 */ ;
/*!50003 SET collation_connection  = utf8mb4_general_ci */ ;
/*!50003 SET @saved_sql_mode       = @@sql_mode */ ;
/*!50003 SET sql_mode              = '' */ ;
DELIMITER ;;
CREATE DEFINER=`juliocik_user`@`47.154.220.79` PROCEDURE `updatePlayerStats`(in inPlayerID int(11), 
 in inPos varchar(5), in inAge float (2,2),
 in inFTA int(3), in inTwoPA int(3), in inThreePA int(3),
 in inSTP int(3), in inBPG int(3), in inPPG int(3))
BEGIN
	update player p set pos = inPos, age = inAge, fta = inFTA, twopa = inTwoPA, 
    threepa = inThreePA, stp = inSTP, bpg = inBPG, ppg = inPPG
    where p.player_id = inPlayerID;
    
    select concat(fname," ",lname) as "Player Name", pos as "Position", 
round(age,0) as "Age", fta as "Free Throw Attempts Total Season", 
twopa as "Two Point Attempts Total Season",
threepa as "Three Point Attempts Total Season", stp as "Steals Per Game", bpg as "Blocks Per Game",
ppg as "Points Per Game" from player where player_id = inPlayerID ;
 
END ;;
DELIMITER ;
/*!50003 SET sql_mode              = @saved_sql_mode */ ;
/*!50003 SET character_set_client  = @saved_cs_client */ ;
/*!50003 SET character_set_results = @saved_cs_results */ ;
/*!50003 SET collation_connection  = @saved_col_connection */ ;
/*!50003 DROP PROCEDURE IF EXISTS `updateTeamWins` */;
/*!50003 SET @saved_cs_client      = @@character_set_client */ ;
/*!50003 SET @saved_cs_results     = @@character_set_results */ ;
/*!50003 SET @saved_col_connection = @@collation_connection */ ;
/*!50003 SET character_set_client  = utf8mb4 */ ;
/*!50003 SET character_set_results = utf8mb4 */ ;
/*!50003 SET collation_connection  = utf8mb4_general_ci */ ;
/*!50003 SET @saved_sql_mode       = @@sql_mode */ ;
/*!50003 SET sql_mode              = '' */ ;
DELIMITER ;;
CREATE DEFINER=`juliocik_user`@`47.154.220.79` PROCEDURE `updateTeamWins`(in inTeamID int (11), in inWins int (11), in inLosses int (11))
BEGIN
update team set seasonal_wins = inWins, seasonal_losses = inLosses where team_id = inTeamID;
select concat(team_name," ", team_name_location) as "Team Name", 
seasonal_wins as "Seasonal Wins", seasonal_losses as "Seasonal Losses" from team where team_id = inTeamID;
END ;;
DELIMITER ;
/*!50003 SET sql_mode              = @saved_sql_mode */ ;
/*!50003 SET character_set_client  = @saved_cs_client */ ;
/*!50003 SET character_set_results = @saved_cs_results */ ;
/*!50003 SET collation_connection  = @saved_col_connection */ ;

--
-- Final view structure for view `viewDivisionBest`
--

/*!50001 DROP TABLE IF EXISTS `viewDivisionBest`*/;
/*!50001 DROP VIEW IF EXISTS `viewDivisionBest`*/;
/*!50001 SET @saved_cs_client          = @@character_set_client */;
/*!50001 SET @saved_cs_results         = @@character_set_results */;
/*!50001 SET @saved_col_connection     = @@collation_connection */;
/*!50001 SET character_set_client      = utf8mb4 */;
/*!50001 SET character_set_results     = utf8mb4 */;
/*!50001 SET collation_connection      = utf8mb4_general_ci */;
/*!50001 CREATE ALGORITHM=UNDEFINED */
/*!50013 DEFINER=`juliocik_user`@`75.83.223.149` SQL SECURITY DEFINER */
/*!50001 VIEW `viewDivisionBest` AS select concat(`team`.`team_name`,' ',`team`.`team_name_location`) AS `Team`,`team`.`division_code` AS `Division`,max(`team`.`seasonal_wins`) AS `Wins` from `team` group by `team`.`division_code` order by max(`team`.`seasonal_wins`) desc */;
/*!50001 SET character_set_client      = @saved_cs_client */;
/*!50001 SET character_set_results     = @saved_cs_results */;
/*!50001 SET collation_connection      = @saved_col_connection */;

--
-- Final view structure for view `viewGameScore`
--

/*!50001 DROP TABLE IF EXISTS `viewGameScore`*/;
/*!50001 DROP VIEW IF EXISTS `viewGameScore`*/;
/*!50001 SET @saved_cs_client          = @@character_set_client */;
/*!50001 SET @saved_cs_results         = @@character_set_results */;
/*!50001 SET @saved_col_connection     = @@collation_connection */;
/*!50001 SET character_set_client      = utf8mb4 */;
/*!50001 SET character_set_results     = utf8mb4 */;
/*!50001 SET collation_connection      = utf8mb4_general_ci */;
/*!50001 CREATE ALGORITHM=UNDEFINED */
/*!50013 DEFINER=`juliocik_user`@`75.83.223.149` SQL SECURITY DEFINER */
/*!50001 VIEW `viewGameScore` AS select `g`.`game_id` AS `game_id`,`h`.`team_name` AS `Home Team`,`a`.`team_name` AS `Away Team`,concat(`g`.`home_score`,'-',`g`.`away_score`) AS `Score` from ((`game` `g` join `team` `h` on(`g`.`home_team` = `h`.`team_id`)) join `team` `a` on(`g`.`away_team` = `a`.`team_id`)) */;
/*!50001 SET character_set_client      = @saved_cs_client */;
/*!50001 SET character_set_results     = @saved_cs_results */;
/*!50001 SET collation_connection      = @saved_col_connection */;

--
-- Final view structure for view `viewPlayerGameStats`
--

/*!50001 DROP TABLE IF EXISTS `viewPlayerGameStats`*/;
/*!50001 DROP VIEW IF EXISTS `viewPlayerGameStats`*/;
/*!50001 SET @saved_cs_client          = @@character_set_client */;
/*!50001 SET @saved_cs_results         = @@character_set_results */;
/*!50001 SET @saved_col_connection     = @@collation_connection */;
/*!50001 SET character_set_client      = utf8mb4 */;
/*!50001 SET character_set_results     = utf8mb4 */;
/*!50001 SET collation_connection      = utf8mb4_general_ci */;
/*!50001 CREATE ALGORITHM=UNDEFINED */
/*!50013 DEFINER=`juliocik_user`@`47.154.220.79` SQL SECURITY DEFINER */
/*!50001 VIEW `viewPlayerGameStats` AS select concat(`p`.`fname`,' ',`p`.`lname`) AS `Player Name`,`t3`.`team_name` AS `Player's Team`,`pg`.`points` AS `Points Scored That Game`,`p`.`pos` AS `Position`,round(`p`.`age`,0) AS `Age`,`p`.`fta` AS `Free Throw Attempts Total Season`,`p`.`twopa` AS `Two Point Attempts Total Season`,`p`.`threepa` AS `Three Point Attempts Total Season`,`p`.`stp` AS `Steals Per Game`,`p`.`bpg` AS `Blocks Per Game`,`p`.`ppg` AS `Points Per Game`,`t1`.`team_name` AS `Home Team`,`t2`.`team_name` AS `Away Team`,`g`.`home_score` AS `Home Team Score`,`g`.`away_score` AS `Away Team Score` from (((((`player_game` `pg` join `player` `p` on(`p`.`player_id` = `pg`.`player_id`)) join `game` `g` on(`pg`.`game_id` = `g`.`game_id`)) join `team` `t1` on(`t1`.`team_id` = `g`.`home_team`)) join `team` `t2` on(`t2`.`team_id` = `g`.`away_team`)) join `team` `t3` on(`t3`.`team_id` = `p`.`team_id`)) */;
/*!50001 SET character_set_client      = @saved_cs_client */;
/*!50001 SET character_set_results     = @saved_cs_results */;
/*!50001 SET collation_connection      = @saved_col_connection */;

--
-- Final view structure for view `viewStadiums`
--

/*!50001 DROP TABLE IF EXISTS `viewStadiums`*/;
/*!50001 DROP VIEW IF EXISTS `viewStadiums`*/;
/*!50001 SET @saved_cs_client          = @@character_set_client */;
/*!50001 SET @saved_cs_results         = @@character_set_results */;
/*!50001 SET @saved_col_connection     = @@collation_connection */;
/*!50001 SET character_set_client      = utf8mb4 */;
/*!50001 SET character_set_results     = utf8mb4 */;
/*!50001 SET collation_connection      = utf8mb4_general_ci */;
/*!50001 CREATE ALGORITHM=UNDEFINED */
/*!50013 DEFINER=`juliocik_user`@`75.83.223.149` SQL SECURITY DEFINER */
/*!50001 VIEW `viewStadiums` AS select `stadium`.`stadium_name` AS `Stadium`,concat(`city`.`city_name`,', ',`state`.`state_name`) AS `Location`,`country`.`country_name` AS `Country` from (((`stadium` join `city` on(`stadium`.`city_id` = `city`.`city_id`)) join `state` on(`city`.`state_id` = `state`.`state_id`)) join `country` on(`state`.`country_id` = `country`.`country_id`)) order by `stadium`.`stadium_name` */;
/*!50001 SET character_set_client      = @saved_cs_client */;
/*!50001 SET character_set_results     = @saved_cs_results */;
/*!50001 SET collation_connection      = @saved_col_connection */;

--
-- Final view structure for view `viewTeamStats`
--

/*!50001 DROP TABLE IF EXISTS `viewTeamStats`*/;
/*!50001 DROP VIEW IF EXISTS `viewTeamStats`*/;
/*!50001 SET @saved_cs_client          = @@character_set_client */;
/*!50001 SET @saved_cs_results         = @@character_set_results */;
/*!50001 SET @saved_col_connection     = @@collation_connection */;
/*!50001 SET character_set_client      = utf8mb4 */;
/*!50001 SET character_set_results     = utf8mb4 */;
/*!50001 SET collation_connection      = utf8mb4_general_ci */;
/*!50001 CREATE ALGORITHM=UNDEFINED */
/*!50013 DEFINER=`juliocik_user`@`47.154.220.79` SQL SECURITY DEFINER */
/*!50001 VIEW `viewTeamStats` AS select `g`.`game_date` AS `Date Match Played`,`g`.`home_score` AS `Home Score`,`g`.`away_score` AS `Away Score`,`g`.`overtime` AS `NumberOfOvertimes`,`t1`.`team_name` AS `Home Team`,`t2`.`team_name` AS `Away Team`,`t1`.`seasonal_wins` AS `Home team seasonal wins`,`t1`.`seasonal_losses` AS `Home Team Seasonal Losses`,`t1`.`seasonal_wins` AS `Away Team Seasonal Wins`,`t2`.`seasonal_losses` AS `Away Team Seasonal Losses`,`s1`.`stadium_name` AS `Home Team Stadium`,`s2`.`stadium_name` AS `Away Team Stadium` from ((((`game` `g` join `team` `t1` on(`t1`.`team_id` = `g`.`away_team`)) join `team` `t2` on(`t2`.`team_id` = `g`.`home_team`)) join `stadium` `s1` on(`t1`.`stadium_id` = `s1`.`stadium_id`)) join `stadium` `s2` on(`t2`.`stadium_id` = `s2`.`stadium_id`)) */;
/*!50001 SET character_set_client      = @saved_cs_client */;
/*!50001 SET character_set_results     = @saved_cs_results */;
/*!50001 SET collation_connection      = @saved_col_connection */;
/*!40103 SET TIME_ZONE=@OLD_TIME_ZONE */;

/*!40101 SET SQL_MODE=@OLD_SQL_MODE */;
/*!40014 SET FOREIGN_KEY_CHECKS=@OLD_FOREIGN_KEY_CHECKS */;
/*!40014 SET UNIQUE_CHECKS=@OLD_UNIQUE_CHECKS */;
/*!40101 SET CHARACTER_SET_CLIENT=@OLD_CHARACTER_SET_CLIENT */;
/*!40101 SET CHARACTER_SET_RESULTS=@OLD_CHARACTER_SET_RESULTS */;
/*!40101 SET COLLATION_CONNECTION=@OLD_COLLATION_CONNECTION */;
/*!40111 SET SQL_NOTES=@OLD_SQL_NOTES */;

-- Dump completed on 2019-12-12 17:56:15
